step,Silhouette Score,silhouette_clsuter_1,std_year_cluster_1,silhouette_by_std_year_cluster_1,silhouette_clsuter_2,std_year_cluster_2,silhouette_by_std_year_cluster_2,silhouette_clsuter_3,std_year_cluster_3,silhouette_by_std_year_cluster_3,silhouette_clsuter_4,std_year_cluster_4,silhouette_by_std_year_cluster_4,silhouette_clsuter_5,std_year_cluster_5,silhouette_by_std_year_cluster_5,silhouette_clsuter_6,std_year_cluster_6,silhouette_by_std_year_cluster_6,silhouette_clsuter_7,std_year_cluster_7,silhouette_by_std_year_cluster_7,silhouette_clsuter_8,std_year_cluster_8,silhouette_by_std_year_cluster_8,silhouette_clsuter_9,std_year_cluster_9,silhouette_by_std_year_cluster_9,silhouette_clsuter_10,std_year_cluster_10,silhouette_by_std_year_cluster_10,silhouette_clsuter_11,std_year_cluster_11,silhouette_by_std_year_cluster_11,silhouette_clsuter_12,std_year_cluster_12,silhouette_by_std_year_cluster_12,silhouette_clsuter_13,std_year_cluster_13,silhouette_by_std_year_cluster_13,silhouette_clsuter_14,std_year_cluster_14,silhouette_by_std_year_cluster_14,silhouette_clsuter_15,std_year_cluster_15,silhouette_by_std_year_cluster_15,std_tfidf,avg_std,avg_std_year,avg_silhouette_by_std_year
0.01,0.4010869144198621,0.13856096455707495,0.8904578503228445,0.1556064270833687,0.09125864001938255,1.0338533293458347,0.08827039332274142,0.47172358870686903,0.7776568591952484,0.6065960624265928,0.5047060415319069,0.9740481810517462,0.5181530558241394,0.11324024839840291,0.9216672687154464,0.12286456538293807,0.5158358893093851,0.8775971184362205,0.5877821137659918,0.5115843678794578,0.9123738383417151,0.5607179276526472,0.3613320690416257,0.8629003506500691,0.41874136308950954,0.518884117058445,1.032841143521876,0.5023852122012747,0.4385562945112557,0.9703458793749707,0.4519587333062548,0.40571193017712137,1.1880623265859533,0.3414904429660569,0.45999120282676254,0.7138940560527722,0.6443409899924412,0.4748234897675824,1.2285710391614393,0.3864843583580425,0.5489449809500018,0.9651800283230079,0.5687487979872408,0.14851133517222126,0.891816716735614,0.16652674522162897,1.3989143354478821,0.1620291386138816,0.9494177323876506,0.4080444792387246
0.11,0.3923769754500714,0.4175017682569748,1.0118222805425008,0.41262361610887455,0.10258047275605299,0.9128887208730254,0.11236908772183309,0.46478855194944463,1.2268885874337707,0.37883517436707315,0.16618780502730135,0.8921486259321265,0.18627816060767513,0.5019155277930131,0.9744864757486636,0.5150564325763567,0.4689615243601107,0.7808146229558365,0.600605458162168,0.5112173622175457,0.901631169331283,0.566991669771912,0.5239661518286448,1.0335751473217514,0.5069453858157973,0.12557444965842712,0.9061495719288127,0.13858026704259402,0.5531744544764212,0.9596224719624398,0.5764500839014041,0.4992359695878842,0.6931638361036893,0.7202279512937606,0.31844383179819574,0.8397132570870969,0.37922925368935323,0.51654919481262,0.8790883660456292,0.5875964405446453,0.10649100982544742,0.8832327273184682,0.12056959228487672,0.41560081198604015,1.1779082278872177,0.35282953471807577,1.3814134953154933,0.1631847335440321,0.9382089392314873,0.4103458739070934
0.21,0.394902310119085,0.30559927283476285,0.7115711854744601,0.4294711183829007,0.14166976131435483,0.8579362478237746,0.1651285415130923,0.07284083606323566,1.0816877544890204,0.06733998398423675,0.5262580415822112,0.8788754859882344,0.598785664149536,0.4769873366449237,1.227697829664046,0.3885217723122058,0.502125089074939,0.9732133355024124,0.5159455494058983,0.4701894771795799,0.7852558318977061,0.5987723466418402,0.4722616329272613,0.8244919300287035,0.5727910919768738,0.5494952106393669,0.9562696289750136,0.574623719074241,0.5043764681343855,1.0341671237141892,0.48771272705220814,0.5186750459011416,0.903390118344826,0.5741429260389166,0.39717247888700874,1.179719693247829,0.3366668210764308,0.4081900223943327,0.9837419390492926,0.4149360784483942,0.12918957278591361,0.8858020636480504,0.14584474126631028,0.16004805786920254,0.9543572481599246,0.16770245961644625,1.3893956636748885,0.1621860207622045,0.9492118277338321,0.4025590360626355
0.31,0.394768412841163,0.5072188124485253,0.9697510931596669,0.5230402069420643,0.11858267644756047,0.9033241197369434,0.1312736744836315,0.5451617872823159,0.9618353450525511,0.5667932563369569,0.36906950788692566,0.8650354129328852,0.42665248424408764,0.5203079127004752,0.8797231858033746,0.5914450375947784,0.10073489706947149,0.9087764103591179,0.11084673404942855,0.47068549106684954,0.781654007671473,0.6021660305548863,0.469232818180508,1.226258252088739,0.3826541573777329,0.1973350232611833,1.2109881141846524,0.16295372427668064,0.3419340750553955,1.1667370370699357,0.2930686728811709,0.15149282260824606,0.8757914122776078,0.17297820061316835,0.5093247422314633,0.9123738383417151,0.5582412831533907,0.5200824443992166,1.0347441783899864,0.5026193481063508,0.5014493709299112,0.6931638361036893,0.7234211377047376,0.39748894082896846,0.9598546506293323,0.4141136791579364,1.3893131085373653,0.15581850361213243,0.9566673929201113,0.4108178418318002
0.41000000000000003,0.3916595137052006,0.5170356655567858,0.8790883660456292,0.588149821482166,0.10548014245216612,0.9178955688457281,0.11491518864701515,0.4057883089456983,1.1811162144951497,0.34356340550209646,0.00832861027811983,1.1169443649779796,0.007456602619848507,0.5200711728040259,1.0347441783899864,0.5026084549837548,0.4129625877615425,0.9887978496997896,0.41764106575163235,0.5055686159610074,0.9115465212079853,0.5546273329978,0.11928214213148461,0.8917836364214691,0.1337568186495746,0.47905763262418954,0.783105408800089,0.6117409319879736,0.5448565358360725,0.9618353450525511,0.5664758928216592,0.43185308354770147,1.1600636812913514,0.3722667044165837,0.504502781322719,0.9715075224669675,0.5192988933751388,0.16167690713135602,0.8813184355987236,0.18344891085992185,0.374556851486044,0.858492196410267,0.43629616326418663,0.49814370450108864,0.6931638361036893,0.7186521837336189,1.3839249230085358,0.17385926834900667,0.9487602083871571,0.4047265580728647
0.51,0.4001493837018055,0.14511913396958534,0.8969406787479773,0.16179345792650904,0.5188011839542359,0.8782224578427048,0.5907400560316307,0.08908596581317194,1.0716737643544454,0.08312787788253408,0.10129892031030076,0.9169457095900457,0.11047428353810626,0.5064114437340105,0.9115465212079853,0.5555519460081005,0.4773749389294814,1.2210632466885818,0.39095021508843303,0.43373392982476416,0.9595246174983278,0.4520300176931313,0.5138352451130795,0.9484902185203401,0.54174016250233,0.5194295193625535,1.032841143521876,0.5029132724044623,0.4771453403279223,0.6903565951261965,0.6911577925038879,0.4724037712480394,0.7760327595916645,0.6087420478184585,0.4053513795494903,1.1899469620489784,0.3406465939049189,0.1492042320695265,0.8820366336396933,0.1691587700318528,0.5484927576408215,0.9651800283230079,0.5682802602057805,0.35217315765307344,0.8594476859108103,0.4097668344756244,1.398008481709224,0.16400900398111729,0.9466832681741758,0.4118049058677173
0.61,0.39442159911026986,0.13296609359754402,0.8923291531487519,0.1490101417490934,0.1170704263572151,0.9231328053054582,0.12681861773775585,0.5027908258171396,0.9115465212079853,0.5515799952270556,0.5186763118810546,0.8782224578427048,0.590597868739486,0.4720992095841793,0.7666009524728407,0.6158343634472655,0.5065303183855707,0.9595384508616608,0.5278895472408729,0.46963386138140073,1.21932909315625,0.38515759528524585,0.5192868825605407,1.032841143521876,0.5027751710101602,0.46036734624424697,0.7126870775558628,0.6459600022818736,0.5491647420656504,0.9651800283230079,0.5689764872360853,0.12252761494168854,0.9024089067689762,0.13577837499453735,0.36159613626273457,0.8611531303459345,0.4198976041781065,0.01336252962181947,1.1519738804290665,0.011599681076833476,0.44302503525072556,0.9560216403590936,0.4634048190418784,0.5123830482575098,1.2058385003349,0.424918468032995,1.3897272294989365,0.17776770147445284,0.9559202494422913,0.40801324915194964
0.71,0.39485760104188794,0.516406902443867,0.8775971184362205,0.5884327689726764,0.11805005622975165,0.9244995156949078,0.1276907713045348,0.43843377906501924,0.9491568306219084,0.46191921600326874,0.48070527751195147,0.7511405970851139,0.6399671105214958,0.07067766186700407,1.1947071280840458,0.05915898566734926,0.4735024486921662,1.2132341375831361,0.390281178236068,0.35986835730879535,0.8598176348050716,0.418540330811406,0.14098269593847262,0.903461922406678,0.15604719185388277,0.5093099706007825,0.9470062559056738,0.5378105661125772,0.41826107990822564,1.1940203632414321,0.35029643780342534,0.5489830992171221,0.9651800283230079,0.5687882914143754,0.5195846730283367,1.032841143521876,0.5030634926651056,0.11491312604532301,0.9118970172839612,0.12601546432028685,0.4543022367831528,0.7026116606423222,0.6465908014789182,0.5044536291964887,0.9115465212079853,0.5534041515818465,1.3922280251072068,0.16736717123986414,0.955914524989556,0.4085337839164811
0.81,0.38580554584401533,0.11390720285449323,0.9177800740818582,0.12411165383868822,0.4328246611852821,0.9669888183385386,0.4476004820086266,0.12755723848113648,0.9333488999112859,0.13666619041738914,0.5186149504559212,0.8782224578427048,0.590527998714431,0.4784137951607955,1.1925129653458488,0.40118121065631135,0.507964896103481,0.9593863885354269,0.5294685250631149,0.47448858527543997,0.7670852039971191,0.6185604712527111,0.5113200022414446,0.9030661509881462,0.5662043712766245,0.5471162934172974,0.9651800283230079,0.5668541384635852,0.2640490644745781,0.5498789236585883,0.480194917669771,0.3993016992042827,1.1871579256633114,0.3363509526175107,0.44967683266567643,0.6817596445217887,0.6595826495143993,0.1598870088015564,0.8301040219379925,0.192610810905696,0.505964438176076,1.032120520388974,0.4902183690577082,0.059385124708793445,0.9128195355853327,0.06505680739042638,1.3815848769716135,0.1675292171022627,0.9118274372746616,0.41367930325646624
0.91,0.3543579066852263,-0.09004591521426157,0.5708105162945665,-0.15775097452443118,0.39813651294607033,1.19243772089026,0.3338845341531349,0.5215096619915257,0.8797231858033746,0.5928110914972377,0.4394426837934821,0.9387270132474163,0.4681261725635034,0.4756873190225931,0.7484327285601148,0.6355779228652284,0.09727826768372493,0.5074738745860722,0.19169118363594823,0.5106288901852053,1.02191782087983,0.49967705793169787,0.5041713930015232,0.8998574742067192,0.5602791635930812,0.49946453118633655,0.6909380449226579,0.7228788960987748,0.5066220108669358,0.9576344630026435,0.529034856659641,0.33532757916194295,0.5863854611160975,0.5718552068526679,0.11307404905485584,0.8588074728487223,0.13166402555834963,0.5530355069488322,0.9562696289750136,0.5783259137295915,0.07753627209599527,0.5716309908856744,0.13564042770994977,-0.03577629557127869,0.5902089134471217,-0.06061632543352631,1.3770738133656797,0.2194275635883646,0.7980836873110857,0.38220527685938993
1.01,0.336291633275696,0.08845035462545453,0.9702195359667087,0.091165299549781,0.12888204712140278,0.8134871967243118,0.15843156184925242,0.06545493870410407,0.4066634433502653,0.1609560430730105,0.5247950420106329,0.8610777647537267,0.60946300495952,0.4022290440070648,1.1856613004098542,0.33924447383753187,-0.0022319178481142294,0.6261685379690927,-0.0035644043301076805,0.4758904695940212,0.7671332983461755,0.6203491239657695,0.5186233047908313,1.0278731398306937,0.5045596433001999,0.031113833815702357,0.4210038636667958,0.07390391514394141,0.5422063094945426,0.9671723667760002,0.5606098024718681,0.38257569552170784,0.846742870785928,0.4518203916693264,0.5177926367472349,0.913060326084387,0.5670957569340049,0.4608465204570556,0.6753514838889008,0.6823802589480465,0.4457229663727755,0.9489542122154215,0.4696991284038815,-0.054062250240813944,0.6394251915328207,-0.08454820197373943,1.3845151414314423,0.218744428659954,0.8046663021534055,0.3467710531868191
1.11,0.33943178483761666,0.522267854076938,0.9008848636450244,0.5797276379623214,-0.1229549611956977,0.6054344493277626,-0.2030855055113223,0.4725743905432632,0.7588014481700877,0.6227905754303914,-0.02986023189540381,0.5865223380499311,-0.05091064731597961,0.3762479101923926,0.586116870538304,0.6419332544494708,0.5352688454928577,0.8625370208600268,0.6205749232179584,0.5105317795787102,0.9451149967261285,0.5401795351329611,-0.0015283202642247956,0.5089200214263778,-0.0030030657075374814,0.507158614633822,0.7317413159193855,0.6930845690961294,0.5235494538328491,1.0060041088687677,0.5204247668745314,0.08562657045229065,0.489032465016743,0.17509383645799273,0.44614583874081437,0.9028780968352829,0.4941374038251891,0.07339565822323918,0.4796687684421025,0.1530132104735901,-0.016102444810786178,0.5777068116283841,-0.02787303955339935,0.5626114233829017,0.9571761653169499,0.58778252506591,1.3818704146982772,0.2508024755583977,0.7265693160514174,0.3562579986598805
1.21,0.32938600427979237,0.48187634291984954,0.7527909796968023,0.6401197090777209,0.563108879569727,0.9571761653169499,0.5883022373245834,0.07619352222143873,0.48360437679933377,0.15755341737333858,0.5314557560605262,0.9033820318483665,0.5882956903328486,0.4288093872989111,1.149484018379174,0.37304510584109934,0.5052275176197868,0.7173311578350581,0.7043155899495418,0.5209858464074065,1.020109488459134,0.5107156166093023,-0.12461215419327651,0.5813387240874379,-0.21435378210678746,0.5350732903072487,0.8542080409702126,0.6263969251559731,-0.12582004651557965,0.6174666412386309,-0.20376816837130846,-0.004593599077107008,0.6184458582268525,-0.007427649512080695,0.13556635550880722,0.45178100435891794,0.3000709507500815,0.5168449490608649,0.9013493806398405,0.5734124415706287,0.3720912264253384,0.5556967804271918,0.6695939935791841,0.033092042486438655,0.43164953857970734,0.07666414423915331,1.3837680566774402,0.25475006261527083,0.7330542791242408,0.3588624147875519
1.31,0.3173514138728635,0.06887602915988944,0.41312993953499505,0.16671759310742268,0.37096629190593294,0.5366390303195553,0.6912771359269781,-0.1929494348859384,0.5882889349919309,-0.3279841306017169,0.5072549262737028,0.7191827355661949,0.7053213337697177,0.4737598195352171,0.7516967782777102,0.6302538912308457,0.09376464583153839,0.5176266112460346,0.18114340297502757,0.5235205279630283,0.8977468768314091,0.5831493725834949,0.5399680517017442,0.8197350712530613,0.6587104427243056,0.5649800000315729,0.9401213823634839,0.6009649505164981,0.5230178966905628,1.020109488459134,0.5127076089455618,0.019558460783644694,0.6184458582268525,0.031625178701529026,-0.06744410926103231,0.6253009972459955,-0.10785863057643512,-0.00171403307687852,0.43013054045501165,-0.0039849136847277524,0.4177483689526049,1.1613806699421763,0.3596997778285772,0.42680312975176876,0.7643758320634864,0.5583681637337796,1.3858758321226519,0.25504039921616745,0.7202607164518021,0.3493407451453906
1.41,0.3204344222174978,-0.18453090203197414,0.5905655301575085,-0.31246473525598134,0.477379778224702,0.7438542002442056,0.6417652519377848,0.5352435955407913,0.8820850647431129,0.6067936267537516,0.07246083400637136,0.41370364375069846,0.17515154894317758,0.09506112845447777,0.49772476260373516,0.1909913582703558,0.5370300061386507,0.8183885978198925,0.6562041645854382,0.5208032981872452,1.1370530271228718,0.4580290327400592,0.5217719398946041,0.9925268755270719,0.5257005656572495,-0.047866218078416324,0.5029066393863236,-0.09517913332149583,0.001680168304984339,0.5762991261151164,0.002915444825173522,0.5561787948804442,0.9617673214141684,0.5782883058062808,0.5183150849748748,0.7023838410263196,0.737937086105961,-0.06857839993261851,0.6250713622593049,-0.10971291291404486,0.4239532254377373,0.7501354620864096,0.5651688886412108,0.34293763279496436,0.5074827911527852,0.6757620923774693,1.3877391556087537,0.2637173219443541,0.713463216360635,0.35315670567682594
1.51,0.32496719986722844,0.5288394012645508,0.8937667222725394,0.5916973501988251,0.5293079889901472,0.8205082360518658,0.6450977159438149,0.5192250384606849,1.012831350266579,0.5126470841606788,0.23207934058029706,0.4601643738365953,0.5043400875329574,0.008302821939418635,0.6185315107587981,0.013423442128652352,0.3612750351032594,0.507443557615636,0.7119511710835589,0.5690918719706501,0.9305087961662954,0.611592146485142,-0.1513678509130057,0.5482474028716046,-0.27609405921518776,-0.2578959586792605,0.5900090198979475,-0.4371051119250146,0.09001254674485867,0.49126612065200076,0.1832256346629306,0.5148034135795709,0.6898993827209895,0.7462007163264397,0.48260949112322415,0.7057169792808625,0.6838569926644125,0.00339163878930181,0.4322658402156134,0.007846187400813507,0.5217610600563435,0.8006893472314642,0.6516398174403489,0.45282505660969524,1.114356425864296,0.4063556740909747,1.3829663374733951,0.27292685093068514,0.7077470043802058,0.37044498993195646
1.61,0.3195485348787402,0.4845999244172903,0.6881674907458232,0.7041889233856279,0.3982490401729984,0.5240820642107821,0.7598982437468523,-0.022303815146923592,0.5006636704783701,-0.04454849924623634,-0.001995304332572611,0.5763778986179511,-0.0034617988256610576,0.14464597641090643,0.5340486362073755,0.27084794643074267,0.5203643622084374,0.8169750826868706,0.6369403097302078,0.5228085309882843,0.6552303790911795,0.7979003228046789,0.5299888525872758,0.9818584702909732,0.5397813112822808,0.5607987438969347,0.930226863959699,0.6028623399562784,0.038172447591107654,0.6142458692274674,0.0621452247438259,0.4187987607640888,0.6089788578525102,0.687706568732011,0.5286656244991397,0.8598454976279601,0.6148379283924377,-0.3197300350679213,0.5315083701599393,-0.6015522106861825,0.5377228255106727,0.7433884441594006,0.7233403071239722,-0.03538642718224875,0.4278786876819686,-0.08270200923994277,1.3804136902034756,0.27899252239521793,0.6662317521998845,0.37787899388872626
1.71,0.31671087777026563,0.010606495840440102,0.6176020046952104,0.01717367456680206,0.38751276440479293,0.5111765992283007,0.7580800157710715,0.11177388131578347,0.49277815641902284,0.22682393661284586,0.513949438155885,0.6413222529321887,0.8013903085477814,0.519252559350237,0.7596021171622594,0.6835849290284677,0.5370137367084238,0.7340956868850784,0.7315309792747665,0.00046325081237434684,0.4332385045979563,0.0010692743314776275,0.4608225561809017,1.0923185385173488,0.42187561588618283,0.52974976219122,0.8628477172731266,0.6139551065457969,0.4818798173568569,0.6695680997711673,0.7196875381631009,0.5614329602355823,0.930226863959699,0.6035441266937069,0.21496384945320973,0.4551209864713549,0.47232242819622083,0.5321957687490603,0.995074475210206,0.5348300876038808,-0.2259994457455453,0.549800372975938,-0.41105727979459955,-0.27775288272206883,0.5938013078912956,-0.4677539086406252,1.3817834024535574,0.28483086045242473,0.6892382455993434,0.3804704555191252
1.81,0.30365212966413324,0.5293532520907432,0.6391887639906229,0.8281642011130675,0.39300391639948506,0.4832278923997737,0.8132889731339298,0.038658004498689585,0.6142458692274674,0.06293571749584491,0.1547901280022152,0.5860171265337614,0.26413925633502366,0.539253768881879,0.7361171342574198,0.732565163594334,0.5245721446732358,0.7563616382954187,0.6935467349394432,0.5278425598435126,0.8807059687119347,0.59934027768144,0.40889443117224666,0.5279757333688984,0.7744568648319881,-0.2721774669276443,0.4972957483560654,-0.5473150893153511,0.5331112558953968,0.8223916786537455,0.6482449539957644,0.4838583844524076,0.6524169324304107,0.7416398324456698,0.14645083204072712,0.5144642036306774,0.28466670957317175,0.5607916561297573,0.930226863959699,0.6028547205599225,-0.03999654131765477,0.4262890231399724,-0.09382493835531361,-0.3227494497323925,0.5156984850417824,-0.6258491329604023,1.3802057659830524,0.29741593212229556,0.63884153746651,0.3852569496712355
1.9100000000000001,0.2906207561080426,0.4829963112532435,0.6094078823897103,0.7925665637261516,0.418469900781735,0.5279426146204984,0.7926427781976725,0.39756671041153524,0.49153422378740486,0.8088281368246867,0.5315366525635623,0.6728373899283208,0.7899927389888193,-0.4064547997608773,0.5085671689381033,-0.799215569910975,0.5199648240271404,0.5730919233509064,0.9072974209562606,0.15848873436764466,0.534015932219337,0.2967865279018462,-0.07898965451231721,0.5082452821710185,-0.15541640480144808,0.5675627954188653,0.9259124932777959,0.6129767116648926,0.05411509276522377,0.6128922057445266,0.08829463363706194,0.528197673943538,0.6316927404021295,0.8361623304508652,0.5233495397448806,0.876837230155538,0.5968605366494829,0.5434669049059471,0.8201151396851826,0.6626714696604279,0.03086937187399925,0.580859838541226,0.0531442696253966,-0.05874206727460154,0.43915159762280465,-0.13376261772149164,1.3790684748751616,0.29559771768526255,0.6208735775223002,0.40998863505664335
2.0100000000000002,0.26032696672824335,0.5704024048670617,0.9102889096604141,0.6266168892246001,0.5381158839996159,0.7853933988076442,0.6851545796241271,0.4182009097886912,0.49445924110595385,0.8457742823317527,0.1533469637852297,0.5091239177864129,0.30119772108125875,-0.3495846643837155,0.5148054781008012,-0.6790616635887181,-0.3922738237728413,0.40599153374126634,-0.9662118324438579,0.33961966724422804,0.7291765230746711,0.4657578192618928,-0.0672343675755913,0.5898550167995905,-0.11398456512311887,0.5336875486763328,0.6556201320176477,0.8140194643412312,0.5360634533414659,0.6162486733560378,0.8698817158049362,0.5191736003361014,0.8741455387177076,0.5939212377582823,0.4829577531193856,0.6094078823897103,0.7925032922540028,0.3143400565655781,0.6307782962945807,0.49833682993236295,0.06679899695868662,0.4159202476017553,0.1606053019631947,0.3968883904724391,0.4790099966514385,0.8285597236945415,1.385305323795366,0.31046999142313964,0.6146816524070421,0.38153805307443256
2.11,0.2688000368737255,0.48323070274968805,0.5914603147010568,0.8170128929003944,0.16048639813928117,0.511395833892154,0.31382030807299344,-0.4002095666372439,0.49614432418727,-0.8066394134263734,0.5356187480752004,0.6024417541925073,0.8890797232225807,0.5241935026662045,0.5638093531091913,0.9297353791232431,0.5407515674736478,0.6422464387706466,0.8419689621148001,0.5233108532171128,0.7482376586636019,0.6993912257126671,-0.33466664812640395,0.46441241954573537,-0.7206238120284506,0.20700827592665128,0.5773016632299394,0.3585790395414119,0.0922037026962908,0.6142620001002538,0.1501048456216439,0.4062000216139465,0.471990709253538,0.8606102061974046,0.5847607711928726,0.8950763867265239,0.6533082314141495,0.4148207261532459,0.4878604775484221,0.8502855739366042,0.47282938692133986,0.6736224092320036,0.7019205127994662,-0.13486919099411038,0.43889057811382926,-0.3072957081323608,1.3767899516288142,0.3187575717178,0.5852768214177783,0.41541719780467834
2.21,0.26485116365187106,-0.409092253511716,0.5026921958914706,-0.813802674589437,0.07601797604492601,0.6180018434799448,0.12300606680535399,0.5363506849036825,0.5914329707780365,0.9068663929880463,-0.09919438077221839,0.4410676660527092,-0.22489606109635862,0.4049271846302929,0.46498648824028066,0.8708364541144425,0.5365807561922843,0.636276929534132,0.8433132356144941,0.521990219062418,0.5527837456288263,0.9442937191805837,0.47541240012406616,0.6652877369110866,0.7145966680994202,0.5308653999245795,0.7201976505228804,0.7371107077885616,0.4157181471909486,0.4878604775484221,0.8521250773991769,0.4805164194238283,0.5915008957994735,0.8123680333135617,0.5916429669895159,0.8821693411225163,0.6706682486116327,0.160084420120564,0.5120687275490254,0.31262291858125146,0.2217335493068643,0.5762092924051545,0.3848142545243007,-0.3569296460830178,0.46594733311444403,-0.7660300225290704,1.3760185436227355,0.32098024902450173,0.5805655529718936,0.42452620125373064
2.31,0.22510540508617144,0.39632826418946854,0.4287226011736849,0.9244398664881848,0.5275248200444145,0.551086727433383,0.9572446473194788,0.37587781279441723,0.6624680401964484,0.5673901078804561,0.4788458859316265,0.5344865200071744,0.8958989011082992,-0.19932242776820394,0.41575459339558407,-0.47942327260964673,0.1118004857494834,0.3955289331606399,0.28266070159797085,0.5531747741038352,0.5706965958635642,0.9692974833094712,0.5388434249694948,0.5487874341814774,0.9818800347955959,0.24248151009372731,0.5813488561259456,0.41710155191428677,0.49741953468076355,0.550632315511569,0.9033605923012933,0.10086050277044718,0.39391677168756956,0.2560452106122648,0.5369262535978356,0.602407785697148,0.8913003223828978,-0.46350904788376746,0.4512233256603169,-1.0272275867065863,0.521200659093168,0.6708717130269385,0.7769006338656576,-0.46513549741449856,0.3843803817319372,-1.2100916683590763,1.3787245754936313,0.3486056120313167,0.5161541729902254,0.40711850172670316
2.41,0.23291132377837084,0.40245424954087544,0.42513898832572544,0.9466415939074734,0.5264702173157237,0.5302429538390434,0.9928848907920332,-0.3238362344902803,0.4133663376457569,-0.783412206070342,0.5435558038104967,0.5427313157557117,1.0015191459030461,-0.07683701096098522,0.4370607375584689,-0.175803965806254,0.4921673428358553,0.5434966521944897,0.9055572667257823,0.5624138494304822,0.5823689160454223,0.9657346639473051,0.5828178463934189,0.6945751220257511,0.8390998005998423,0.34702948931757804,0.5877230741305906,0.5904642927809722,0.5124429998321627,0.6455994220334262,0.7937476124407539,0.4143454242869139,0.44885027979312403,0.9231261356857937,0.5377303829105231,0.6220535441547831,0.8644438858413156,0.0530359359473787,0.6109310217679248,0.08681165967624661,-0.5366995646837133,0.4189058619057547,-1.2811937322673699,0.13654260649458952,0.42006019764330227,0.3250548546628449,1.37685689551031,0.34016341382008003,0.5282069616546182,0.466311726587963
2.5100000000000002,0.18464826240465645,0.48948610571523093,0.5974237103402179,0.8193282208978294,0.02807067896600509,0.48585946916325085,0.057775304892891205,0.5065364441134669,0.5359245781972943,0.9451636754882913,-0.006701516617202351,0.40136378059172156,-0.016696864393998024,0.5390096145340365,0.5858956002292778,0.9199755286148361,0.11215361860917357,0.4126739959383083,0.2717729241799372,-0.012344785078428908,0.6110934338485662,-0.020201141747970483,-0.053636664925530576,0.5617047395594729,-0.0954890730806297,-0.4684568027138646,0.4142949834771359,-1.1307325007465792,0.37448707257290875,0.6755540510791503,0.5543406511657977,0.46750629835067403,0.5281391687955624,0.8851952780113553,0.1019415480762627,0.3379727437866163,0.30162653631212605,0.5205151650614663,0.5319857849747414,0.9784381082403928,-0.09990773972490263,0.35803121208702327,-0.279047570021965,0.5684670279737357,0.6327712388024406,0.8983768431852172,1.3650586656319486,0.30207238335747544,0.5113792327247186,0.3393217280665021
2.61,0.17466244164762726,0.14270080322361284,0.3929180097361728,0.363182138989837,0.5446496193546377,0.5941068644142798,0.9167536212388302,-0.23726944350917364,0.4348619163994187,-0.5456201947361211,0.4845594482372007,0.5051157052537838,0.9593038648318111,0.5396285282254776,0.5308383501484057,1.0165590486720004,-0.09832535315280505,0.3971280305143976,-0.24759106786152768,0.3456146066433778,0.4296154291590223,0.8044743814716404,0.5800696146147724,0.6395220445802403,0.907036152280739,0.1112866627530031,0.35030727368243286,0.31768299180076054,-0.5239190591814852,0.42016200915502305,-1.2469453395730024,0.5451319939506772,0.6269267758586594,0.8695305655178734,0.06167206931360705,0.6076387786094655,0.10149462391906394,-0.11097751933836203,0.45245564430901664,-0.2452782294446679,0.5138515613665829,0.5276601402542974,0.9738305438779976,0.3486004202287147,0.5637100006861899,0.6184038243145805,1.3727707074523432,0.33142545308407734,0.49819779818405363,0.3708544616866543
2.71,0.20964216304910926,0.5564659585482971,0.5710040177300512,0.9745394800555902,-0.5450528803717876,0.39286548417012407,-1.3873778744476346,-0.2781384097421799,0.3265094490263841,-0.851854090506595,0.48634307701448337,0.5097580508650513,0.9540664952503779,0.3282078107103997,0.5703230753490129,0.5754769969802656,-0.3721197582614987,0.4507274854870673,-0.8255981058252456,0.5336326808799787,0.5295354731566763,1.0077373621428571,0.3884213559104312,0.38857150080658925,0.9996135977655428,0.5603401892609187,0.5716719585059158,0.9801778466192166,0.5416101954610696,0.6205659823449312,0.8727681034246969,0.5628288120174366,0.600143572568266,0.9378236104551718,0.3148177378797129,0.6014309905696543,0.5234478149879317,0.5564052449545359,0.5386834253163063,1.032898394131625,0.11706787130779057,0.37200446233620715,0.3146948038542289,0.4005551558890292,0.42190751610635246,0.9493908987107476,1.3773075247925506,0.36152161589495485,0.49771349628923933,0.47052035557325184
2.81,0.1840259658457613,0.5395465974712766,0.508544364387307,1.0609626912714314,-0.411025699233946,0.4686885985406802,-0.8769696991002667,0.5210955575613665,0.515697296284353,1.010467887491186,-0.05163323277263036,0.3956073254363783,-0.13051637179790807,0.2721443698770907,0.5755264752063717,0.4728615999455202,0.5698359203827766,0.5704432971408232,0.998935254807812,0.08108234952540559,0.3145932738294623,0.25773707281917124,-0.48948014483717445,0.33961360608806157,-1.4412854375164599,0.5668307299661889,0.5411806593554366,1.0473965027525232,-0.11801250157516176,0.33860148130340056,-0.34852919461807613,0.5452518183020401,0.599783763722401,0.9090806575324368,0.026168744947183846,0.5984369493112696,0.04372849132611378,0.4803213232544895,0.4718662572066986,1.0179183527507185,0.5235119657047911,0.6079230478139241,0.8611484094694662,0.3317125171970195,0.39001351051154487,0.8505154520466296,1.3792358258961455,0.35235134279537655,0.48243466040920757,0.3822301112786866
2.91,0.14854054728341237,0.5167108779069844,0.4213906988258562,1.2262038040866208,-0.3840328478315533,0.46339374795836297,-0.8287398125752433,-0.4772205313923296,0.28895252781137865,-1.6515534056993884,0.48293854398021246,0.44873435568236425,1.0762236897280484,-0.04672751106826432,0.33737990466912615,-0.1385011686279618,-0.46592704470619317,0.32767867841242637,-1.4219022335037717,0.5802803518516935,0.5311130406165883,1.0925740990618966,0.497650185548036,0.4659282217351511,1.068083370641834,-0.037747334779585105,0.29596941415141564,-0.12753795823062264,0.3881696499544308,0.4128993217824083,0.9401072597522705,0.4894011895491645,0.37949149732619475,1.2896235963054952,0.3503045591255708,0.4000114657136504,0.8757362954599344,0.5574161243184166,0.5848737528485329,0.953053751520925,0.20920926857511485,0.5226761189135969,0.40026559661835065,0.5220701002137863,0.6079230478139241,0.8587766199869163,1.378122379026806,0.3781745757462222,0.43256105295073183,0.37416090030168697
3.0100000000000002,0.1447601816905424,0.5209170734965838,0.4214434840141966,1.2360306737570448,-0.3734998760837871,0.46505967039583557,-0.803122480532192,0.3551375456933518,0.36975915503870105,0.9604563966947111,-0.47893639976549734,0.2823330445888736,-1.6963526195203706,0.48079136597530636,0.44357310289324015,1.0839055903960524,-0.08828052588030552,0.33178089568418856,-0.2660807991920574,0.5013363962546236,0.4671127706598214,1.0732663025814078,0.47656720651149004,0.3764830877023005,1.2658396142573338,-0.4643648427213386,0.32158500819617186,-1.4439878442283256,0.35322854855710384,0.4000114657136504,0.8830460595096135,-0.020844033068439734,0.3039973862852384,-0.06856648776868739,0.5720354711074742,0.5351925971382135,1.0688404028124963,0.18306185399001493,0.5215282677508668,0.35101041556095147,0.5628905008081881,0.581757846092185,0.967568387069064,0.5275804352945,0.6033911265773871,0.8743589556695874,1.37781140360267,0.3774219553946429,0.4283339272487247,0.36574750447110865
3.11,0.15378905234185306,0.5513012170494008,0.48244922527433626,1.1427134466552684,-0.48180231808756924,0.4075455021885917,-1.1822049697523473,-0.13387921859054644,0.30084074622440526,-0.44501690768537816,0.4866261952680489,0.44927100865803754,1.0831462210784322,0.5594102884250587,0.5710629352003207,0.9795948116100821,-0.11119295484757584,0.3952558007446807,-0.28131897024176,0.5401711621609627,0.47072083374267937,1.1475403751860462,0.5845431456288357,0.5311130406165883,1.1006002506551495,0.5262986125911052,0.5547768627279396,0.9486671992829665,-0.4877488692835922,0.33214245527605574,-1.4684929961097755,0.32846791639039036,0.5551415943700261,0.5916831304329399,0.08341449019597827,0.3005121981283547,0.27757439037582854,0.3166878627183223,0.37065052549742766,0.8544109368071572,0.07451018209493754,0.5751482110898417,0.12954953289996166,0.5176150785044913,0.45542078463533925,1.1365644607523826,1.3785842879291288,0.36541644882322993,0.45013678162497495,0.4010007274631303
3.21,0.12926688763956048,-0.4934505090527302,0.2891214825183779,-1.706723778373557,0.07074821633844094,0.302999674591078,0.23349271392426824,-0.4373886316000135,0.37843367948015594,-1.1557867476299741,0.3522483560374843,0.48346390741661205,0.7285928703958944,-0.1167231550671693,0.3261184742487844,-0.3579164146896054,0.5130138035706577,0.4167713120002616,1.2309239834874617,0.3697647097244286,0.5620076297835159,0.6579353911384818,-0.4814494644718555,0.2777231414960455,-1.7335590468924278,0.4750816442083514,0.37977745897058596,1.2509474508995198,0.4896214539930463,0.43873467235843644,1.115985320606338,0.5303872499388368,0.441866376626086,1.2003340330818122,0.5283861542947268,0.5527385200927063,0.9559423399804032,0.5824951537096725,0.5311130406165883,1.096744212933339,0.32788748675592555,0.3717715563165415,0.8819595829347114,0.5643438391019371,0.5681025304271616,0.993383779997603,1.3779571433602114,0.3903345182141608,0.4213828971295291,0.35948371278628455
3.31,0.12982802354186126,0.5734489560531665,0.5681025304271616,1.0094110223765151,0.5236607403816106,0.4095396265869055,1.278657073421168,0.5834728426544817,0.5117666395377534,1.1401150398968876,0.3040420319627227,0.39457591366098327,0.7705539578980825,0.4904175406720059,0.3677580321045217,1.3335331872034348,-0.1297961751440145,0.3089068143673052,-0.420179060827323,-0.47476831481151116,0.26543973920222297,-1.7886105382653839,0.32695733629433377,0.364279671625472,0.8975448309684694,-0.261215475914407,0.44132896182147163,-0.5918838293238391,0.531957872963365,0.5527385200927063,0.9624041995013196,0.49148866265057234,0.4377741737818147,1.1226990811375017,-0.1191747693761201,0.430804712682362,-0.27663292872097534,-0.4804191003740651,0.29807790349338714,-1.6117232936212034,0.5091777469394249,0.4078156880934289,1.2485486993398212,0.06981760037821809,0.3003393327321037,0.23246239426287166,1.3775858223612651,0.37873911523341774,0.4039498840139733,0.3537933223498232
3.41,0.09722176339106424,-0.2588272671518009,0.3730183035155159,-0.6938728333502133,-0.0504259849438952,0.26971861291512494,-0.1869577497781484,0.4896307141064291,0.42270601442779365,1.158324455754976,-0.4161647800926486,0.30570576422862106,-1.361324609441846,-0.08506736079301039,0.37434926750589737,-0.2272406230677886,0.48865493180054304,0.36823333733065766,1.3270252371575797,0.5871048550597272,0.5117666395377534,1.1472120488158863,0.35531770276727304,0.3839633599347369,0.9253948158690641,0.4888340347740896,0.39962129003869834,1.2232432229192596,0.18136104015469204,0.35914893144771254,0.504974466786339,0.5164922936345663,0.5199856683519402,0.9932817865376061,-0.028167147765925268,0.31786056406927754,-0.0886147919871754,-0.46061683626869404,0.28658297114336323,-1.6072721782142119,0.537809958289872,0.5312265902545334,1.012392768276498,0.08987350496208828,0.30497871080712385,0.2946877987786056,1.3729127623556583,0.351451929388017,0.38192440170058334,0.2947502543370954
3.5100000000000002,0.08871996766132953,0.08371596110087781,0.30542984396849837,0.2740922760302106,-0.4485423762508805,0.283304769967792,-1.5832503501507362,0.5004397148449271,0.4211158685397501,1.188365844726389,-0.4501344744891957,0.27054395074363624,-1.6638127492850023,-0.03837670002732766,0.3145045917900494,-0.12202270182734375,0.5002409191875258,0.40153284517278653,1.2458281438278442,0.03382976331032054,0.344477995607284,0.09820587596801846,0.5035132997552303,0.3682901466766755,1.3671647322057414,-0.024780810037946892,0.42250668630459226,-0.058651876623987874,0.32476774289563826,0.3599239779385521,0.9023231648964608,-0.04140475609060521,0.26948591540321337,-0.15364348830124983,0.5828824908326864,0.47632297352716935,1.2237127395230265,0.16822620825774312,0.4684990128607946,0.3590748403726696,0.4757358174029039,0.509613268465862,0.9335232162126731,-0.08029835701144215,0.37434926750589737,-0.21450117305272184,1.3801004343563676,0.3250759337923541,0.37266007429817016,0.25309389963479945
3.61,0.10229979888813963,-0.47987662446195367,0.2838007776279755,-1.6908925636948293,0.3863307271870916,0.36404913344851897,1.0612049080504775,-0.020333765012012332,0.2698861609513108,-0.07534200694225546,0.5208875686695025,0.5091360680944605,1.023081257273766,-0.05175696286452231,0.31440580473827395,-0.1646183438235411,-0.20238476658868337,0.3120787084899073,-0.6485055246735248,0.3264196151486451,0.43963485862384094,0.7424789202803759,0.5077163021578193,0.42239427232659826,1.2019961808697288,-0.18037862242837982,0.4421549141414858,-0.40795344947960976,0.1681972585911912,0.3945628910231873,0.42628757650021054,0.5046515966693698,0.3671601075304663,1.3744728425527402,0.5095677239790216,0.3991591482292216,1.2766028944585197,-0.4460293287697993,0.2424613731636953,-1.8395892217795335,0.5246338974423692,0.3887947761854654,1.3493851501546539,0.5689575563439122,0.538436856824185,1.0566838973463757,1.3728973544753555,0.3622931069869472,0.37920772342657283,0.31235283447290363
3.71,0.09012237499919656,0.5814766818541983,0.45934581057338,1.2658800155995067,-0.5049968424962566,0.2553404327469362,-1.9777394322690403,0.3680010987280393,0.3612736898521449,1.0186213639821036,-0.4472983409175197,0.2941821923241524,-1.5204806837004337,-0.01385374140440662,0.27426906617613755,-0.050511498061212814,0.5135768184447015,0.36695933112013074,1.399546965809606,0.5293025300251466,0.3904116009980004,1.3557551278499473,0.5050266565751321,0.3998451561335845,1.2630555824625458,-0.4642815707441883,0.22095660973789152,-2.101234135040991,-0.05983681389615536,0.23435027053529434,-0.25533067983868035,0.566877618760097,0.5273708763733692,1.0749126357875662,0.4964517611966967,0.48029308004171467,1.0336433769846916,0.3381484208720847,0.46174311731658946,0.7323301814160809,0.33296248326401917,0.47796474765366936,0.6966256086846011,0.4989832794150461,0.4113914740377283,1.2129159472305564,1.3799788186045743,0.39062987572122865,0.37437983037471495,0.3431993584597899
3.81,0.0940142047587498,0.5102557913956366,0.3991591482292216,1.278326686634316,-0.46264596790172496,0.23029064758132617,-2.0089655084162437,0.3846908056768969,0.36234764190273294,1.0616622303841614,-0.18054521394427758,0.29890919479274564,-0.6040135836887254,0.5019290292672223,0.40685901292718557,1.2336682077067593,-0.056833070817824106,0.3064380115746116,-0.18546351520097362,-0.47290346718044374,0.2642739908620886,-1.7894438481735742,0.5067978388668152,0.3665090831385773,1.3827702018375208,0.5218999036982078,0.3859617720413556,1.352206206686932,0.5854140014456259,0.4563455019571075,1.282830659960465,-0.022841287400816937,0.2620210157933122,-0.08717349381942185,0.31699032602202726,0.4407576646979842,0.7191941318575487,0.015252437817405,0.4666131568689236,0.032687543402659704,0.567155398793812,0.5273708763733692,1.0754393619420806,-0.048251150926042,0.510436727752564,-0.09452915180788463,1.3667817613627973,0.3612001382496346,0.3789528964328737,0.3099464086203747
3.91,0.07296108541212219,0.01053495303021053,0.41355725480971844,0.025473989170031026,0.061800222892973856,0.2798633909360602,0.22082281889842897,0.15942127386234092,0.3429022574593389,0.46491753960308935,0.3950444696807693,0.4736095140816148,0.8341143028910801,0.4893208378034909,0.39089989796215835,1.2517804183485879,0.519200991144399,0.3695134074684197,1.4050937818508582,-0.469804364060858,0.2543391280785136,-1.8471572487101986,0.5050419023292936,0.3899179570685824,1.295251714299637,-0.028164299674046583,0.29981825970747644,-0.093937906588897,0.4596469513038417,0.4654424846765584,0.9875483361241849,-0.07319404518277173,0.3006473505548937,-0.24345481524344112,-0.004028015194130981,0.2673464977477195,-0.015066646573137462,-0.4442350434271254,0.26693983749391204,-1.6641766459352731,-0.06639961934619261,0.3545007673076752,-0.18730458568673175,0.5817397778630191,0.4277047831114189,1.3601432596358722,1.3739070745427024,0.33014644751643474,0.35313351923093733,0.2529365541389394
4.01,0.08220924675983059,-0.04014762218845801,0.2307672884297759,-0.17397449379258625,-0.17004441936233436,0.37518170085332775,-0.45323217783697545,-0.07526906932092911,0.4201527921502004,-0.17914689781240625,0.5213287717322836,0.4892581967068869,1.065549387299504,0.5142311568225535,0.39282151612830596,1.3090707502248728,-0.4404144338915384,0.21455478140791598,-2.05268990512131,0.14090867479756167,0.30446535695036503,0.46280692230128856,0.4995126214925799,0.4063121826038733,1.2293813547293282,-0.4732656109781169,0.24954739508509216,-1.8964958973694757,0.5819562841080147,0.45934581057338,1.2669241140603542,0.5035746385790564,0.3835155067033286,1.3130489635419107,0.5117331189203477,0.3664534444782372,1.396447834318933,-0.02622335086559774,0.23073259635077573,-0.11365256266492654,0.4661241270689422,0.46862084389888703,0.9946722027787489,-0.07400930029987693,0.3020959145008032,-0.24498610125917528,1.3805164272643533,0.35966520501383503,0.35292168845474364,0.261581566226539
4.11,0.08344290293217853,-0.48325291817200666,0.21617431344489438,-2.2354779828880735,0.055011350386641275,0.24251726557707176,0.22683477918877787,-0.4202281698352594,0.3052322565502319,-1.3767488881572472,0.5282734454599215,0.3662072740834599,1.4425531190828453,-0.14299636072559485,0.2383121559145527,-0.6000380474794852,0.5001864275989724,0.4691664430878724,1.0661172276238222,-0.47834915062857447,0.24113306584627298,-1.983755935544449,0.5313761267732717,0.3787155010049977,1.403101075512247,0.3780599080296693,0.35851493855508765,1.0545164716241762,0.5425400862052914,0.3853560011063299,1.4078931809747275,0.5754946094408085,0.4229566618827161,1.3606467548686834,0.5473074898681782,0.49278602402754806,1.110639229162843,0.3213224273098784,0.3214355044632214,0.9996482119996924,-0.039515766050809045,0.37362107248080095,-0.10576428622836744,0.4918230253367487,0.39291819908406417,1.2517186184891478,1.3787971903956364,0.39373071993542746,0.3470031118072747,0.33479223521528934
4.21,0.04942868008505637,0.23764754879730882,0.31968128774142546,0.7433889874390467,-0.11466826870128023,0.32927958871518936,-0.3482398321399224,-0.37629564898844486,0.25971030748309964,-1.448905330848033,0.11946524780423824,0.30497871080712385,0.3917166791349939,-0.44293439161428855,0.2240786860187155,-1.9766913109142998,0.5199137647820898,0.36834637006832,1.4114806253843564,0.04438607899750319,0.23551456910541627,0.18846426005023914,-0.1048081665637544,0.23235793581722108,-0.4510634258956375,0.5362344495150058,0.38041205339343553,1.4096147709610378,0.3998710382221264,0.4601054194022951,0.8690856950600216,0.590413939030697,0.42944037188928497,1.3748449789041097,0.48410450086354473,0.3903623622013039,1.2401413346656087,0.49885863351199605,0.4208426661296448,1.1853803657785915,0.36087686010578995,0.46630818173636823,0.7739020549929255,-0.46505376973227647,0.23133560746027745,-2.010299127046971,1.3781266913628865,0.3634747863828464,0.33685027453127475,0.2235213817017378
4.3100000000000005,0.03015820341669037,0.03121309035571828,0.23792865120095202,0.13118676627707201,-0.38410957577991905,0.23403173139274952,-1.6412713502311809,-0.11153629445358465,0.21232173792446557,-0.5253173581937437,-0.11562919099472493,0.2594899887680708,-0.44560174187711343,0.15377568546215623,0.2811711512352083,0.5469113199793323,0.37308085483931364,0.401238794175668,0.9298224903845503,0.5889107544818388,0.41483949661013514,1.4196111009055998,0.5245610071233439,0.4673336002728172,1.1224551515600822,0.18618720099762626,0.28002494901248803,0.6648950447244721,-0.43309636972142296,0.23182047854722765,-1.868240340264807,0.5243709598957667,0.3749862137897745,1.3983739684620526,-0.12712000501521648,0.3236879596636799,-0.3927239219750324,-0.09104234712869394,0.33329500208568164,-0.2731584528990005,0.4844803219814497,0.38637392743205723,1.2539156697281137,0.08979715048490683,0.3050883391748427,0.294331637609542,1.3744687173449495,0.3196147250201572,0.3162421347523879,0.17434599894599595
4.41,0.034964598696188356,0.019674594663927934,0.2731506092275047,0.07202837555284798,-0.43682553417628733,0.2285973733053699,-1.9108948097700038,0.4965849698708525,0.3483314658059219,1.4256104274758006,-0.13776470659445675,0.2543325219052803,-0.5416716099161071,0.5205737193310188,0.3540655255941207,1.4702750810248977,0.37840128728194555,0.4327139402243215,0.8744836995216286,-0.4193816920084082,0.24905069059483625,-1.6839210162668126,-0.3210911405630977,0.2186937584477852,-1.4682227002823247,-0.1146240611434036,0.20990331394049797,-0.5460802833055627,-0.03073488910001831,0.23289496890875253,-0.13196888384506125,0.2045300399024845,0.2805047042812901,0.7291501239757526,0.5243718408884033,0.3707120981612601,1.4144988617563299,0.036784861695874964,0.23838451138864064,0.15430894180832175,0.5576130735738948,0.3779229173524794,1.4754677421528866,0.4817930420565352,0.41800624005066317,1.15259772676633,1.3817507096827772,0.34820986439583823,0.29915097594591494,0.1657107784432616
4.51,0.05719344507278211,-0.45984766705560015,0.23009176698770034,-1.9985402914489396,0.11233332009902416,0.2690175611008079,0.41756872539978884,-0.46659613135405426,0.2140170524010224,-2.1801820281112576,-0.09194007184690925,0.2165614989804364,-0.4245448626822392,-0.026973531244963312,0.2335180100059916,-0.11550942577949866,0.3569766474647385,0.313648183369188,1.1381435200106025,0.4678765794193351,0.41919539304822295,1.1161300605360231,0.5195258182098996,0.3544563507408161,1.4656975876552565,0.5305415961486559,0.3806048514719482,1.3939433354484145,-0.17076955800039662,0.34356855188772234,-0.4970465342712852,0.5656711582798493,0.38003713436426734,1.4884628556788633,0.5040183542130531,0.38761702185688424,1.3002998469947136,0.48361836689328314,0.4123046531878969,1.1729636402451342,0.5163868176002505,0.3698826888829082,1.3960826854584707,-0.39075348766583573,0.2823178302043473,-1.384090715712148,1.3808539484482176,0.3833984387713012,0.32045590323267736,0.28595855996145997
4.61,0.014249789206339156,0.5293280888853914,0.3725768916388782,1.4207217376177077,-0.09950414319747185,0.33184297997830653,-0.299853090771957,0.10288935967540785,0.3035796855962449,0.3389204368972459,-0.14551001013285006,0.25653963769731813,-0.5672028363294567,-0.4015235443119201,0.22700424639207206,-1.7687930983388995,-0.06771865407090397,0.3323220820150035,-0.20377416288528982,-0.43724728559331777,0.2354097136925416,-1.8573884600377513,0.04129131533026923,0.2349781591846038,0.17572405654020765,-0.1563935224779579,0.21505059344595162,-0.7272405993953421,0.5751262014115593,0.37846000578788774,1.5196485562965811,0.3296240376520418,0.2797730200968657,1.1781837917677558,0.060906767485682814,0.2525397844522755,0.24117692037229432,0.2209423058632337,0.37704075406460996,0.5859905155647256,0.500551373145527,0.4008470040899282,1.2487342253735059,0.5094755238919022,0.3744487170518016,1.36060160094345,1.377796830956512,0.32086998714974657,0.3048275516789526,0.17636330624098517
4.71,0.025961199798065396,0.5093734132496153,0.37361322007159004,1.3633709566059025,-0.4353730990346216,0.2302388380006629,-1.890962892339511,-0.18344394568939287,0.14021622433625147,-1.3082932917197752,-0.14356307434944524,0.2543325219052803,-0.5644699831306343,-0.18592407752126217,0.1857353918640257,-1.001015884239093,0.5561128551848017,0.3537129877386254,1.5722149722015262,0.10880001571229923,0.18585183732750296,0.5854126452383404,-0.42956771358411283,0.21201086605096528,-2.0261589492344654,0.5445545479447955,0.3694975629957588,1.473770337021265,0.04516114746652547,0.2746573760560852,0.16442721515443132,0.20831686768695498,0.35266823054031543,0.5906879317362871,0.531322245248552,0.40203053390183247,1.321596745629997,0.588316909098767,0.379560198659501,1.5499963146202775,0.21069480550621156,0.2674514836270951,0.787787013363445,-0.053165110679117174,0.34536477834514423,-0.15393900598047092,1.3830464666152165,0.3490513350386741,0.28846280342804237,0.16429494166183478
4.8100000000000005,0.01782083618807787,-0.11535079502857974,0.2482810419644155,-0.4645976757464721,-0.44688291988953854,0.22793073709843728,-1.9606084092841836,-0.14462194982771528,0.2543325219052803,-0.5686333338116156,0.11016568525707376,0.3014167835700731,0.3654928698801623,0.5366593939079346,0.36608385852336284,1.4659466169106878,0.07328685181362753,0.20674688088612073,0.354476215068004,-0.4405846282348892,0.23968344589290977,-1.8381938168218,0.5286509853750527,0.35387656418030616,1.4938852664617146,-0.10663321103837879,0.32927958871518936,-0.3238379015670214,-0.01323658948657281,0.2249523743712598,-0.05884174160672444,-0.04523887043345862,0.21946488984249796,-0.20613260948448256,0.49337802655850327,0.3315088263555412,1.4882802125737622,0.583682994245756,0.379560198659501,1.53778767190859,0.5103004194569195,0.3922471003613449,1.3009667094717126,0.4839531353442502,0.39643820294362797,1.220753024685329,1.3789458129474108,0.3499202104404917,0.2981202010179912,0.25378287324251086
4.91,0.020333128939267718,0.05299014804095603,0.27637383200535387,0.19173359379382024,-0.31721645614609734,0.24042784803947304,-1.3193831693490734,0.10829611019581477,0.18357154925283312,0.589939512068172,-0.3883923580112261,0.19756341438024344,-1.9659123589740195,-0.08374240142010238,0.24982966424470296,-0.3351979904919475,-0.23479277086771239,0.17295842720710863,-1.3575098632607268,0.5352415493329122,0.35049705412441945,1.5270928615077952,0.5507187457791468,0.377637016046428,1.4583282951039935,-0.16780081288275295,0.14243119282590375,-1.1781184272454908,-0.06185389779174713,0.332225182054357,-0.1861806423259839,0.25367463043849275,0.3602899768972791,0.7040846171272118,-0.36089736266721706,0.23623666149627712,-1.5276941368090935,0.49092637540346507,0.349540868792407,1.4044892006463119,0.5784798315545534,0.3411910507659601,1.6954718778698608,0.37447819497283374,0.28347591621280477,1.3210229636993704,1.3889721094651504,0.34082666046230925,0.2729499769563701,0.06814442222401336
5.01,0.01834062430478485,-0.4178741788915802,0.20553925302773238,-2.0330626521990838,0.49544074173933694,0.33079372048815103,1.497733212735166,-0.4364521463171787,0.20112686577787312,-2.170034046069219,0.5235197445958196,0.3551928548890495,1.4739028034765786,0.31553044526900154,0.2616595672062328,1.205881553034555,-0.11784332363863538,0.23702392804478079,-0.4971790173706484,0.028916349732108704,0.22536516643467433,0.1283088695097455,0.5107989751834469,0.3179684953207655,1.606445238130132,0.5595388397156574,0.32240294959052557,1.7355264287324639,0.1951607195966538,0.363637479748434,0.5366903316227657,-0.4277567572674562,0.1966949071380496,-2.174722078427972,-0.002022068123743766,0.3161184194187489,-0.006396552682573097,-0.012223569775386594,0.3475010939899924,-0.03517562962186996,0.5832168949329278,0.379560198659501,1.536559673518679,-0.14904106905606368,0.200551616847115,-0.7431556593716272,1.374823386138816,0.36288086011675397,0.2840757677721084,0.13742149833447279
5.11,0.005662736984374256,0.5698490061419718,0.3820097169602392,1.491713380163268,-0.3937015425255178,0.21647215866447295,-1.818716757639704,0.046228750832378596,0.27650278588046945,0.16719090437071768,-0.09941057607406883,0.24146620568788207,-0.41169560680705114,-0.40742831788519424,0.20312562112332327,-2.0057948161932417,-0.10959199684214017,0.14521549249370524,-0.7546852953509126,0.03467382917104995,0.17411105726103712,0.19914777221222077,-0.3578246444237205,0.19062112337663212,-1.8771510632466744,-0.06016764896081209,0.2982728222838971,-0.20172018523211044,-0.1551584442019938,0.188663371517481,-0.8224089443223868,0.34000582138575075,0.2777763248299704,1.2240273594010276,0.5448539089998095,0.35312837096617533,1.5429343938269935,0.5739996613691568,0.32160489831492817,1.7847976332968467,0.22847446798432364,0.3149171711282516,0.7255065424529558,0.4983072335119322,0.3185507989753008,1.5642944080343335,1.3902102301657588,0.3429734785253451,0.260162527964251,0.053829314997752196
5.21,-0.004589762617425883,0.5125578767874609,0.3365025032095936,1.5231918690013717,-0.39658815877794695,0.19435133563173618,-2.04057336415437,0.48567398957475083,0.3106063738438149,1.5636317554093941,-0.41723569211516515,0.1948962491195363,-2.140809245945317,0.4841158206613369,0.29830459073656357,1.6228909500385984,-0.15945771685310317,0.20824655421804444,-0.765715992045386,0.02239889317795577,0.23349279434208733,0.09592969770681418,0.5086799217891497,0.30097437026719753,1.6901104281323234,-0.14882548406242316,0.2955268727031365,-0.5035937432732953,-0.4160823478543132,0.18783754527693755,-2.2151181077290154,0.07599275778391971,0.30178258959939985,0.251812928919445,-0.33298729889184125,0.27798784188389186,-1.1978484261585842,0.481498076325305,0.3781478632370715,1.2733063521859447,0.24826557499855548,0.2615823535197215,0.9490914492434903,0.18044454196871645,0.2774027688802214,0.6504785179221836,1.3874315582719194,0.3560979697112928,0.27050950709793026,0.050452337950239845
5.3100000000000005,-0.005124931227198453,-0.05480265255161303,0.22121699377187598,-0.24773256166805513,-0.35247641055481366,0.1984671538870748,-1.7759936778020613,-0.34314955659846424,0.19364686400107467,-1.7720377676581422,-0.09831342775367717,0.25286146874027626,-0.38880351460213447,0.5124178532895516,0.3372485373406252,1.5194071924825079,0.547015315837467,0.3474755491279188,1.5742555618959253,-0.11078862394496486,0.21574516491046428,-0.5135161383150482,0.46304501472340914,0.30808515063647757,1.5029773871502659,-0.33196720157214454,0.2142930939084397,-1.5491269247994668,-0.03589068338468693,0.2965412444745751,-0.12103100008324182,0.2154191566778952,0.2508803694344593,0.8586528996409658,0.019118299538466933,0.2791973548203522,0.06847593363041883,0.5345805591470287,0.31638955773920213,1.6896276949433333,-0.3553935174739697,0.1878403923691574,-1.8919973121410698,0.08803879559121006,0.29964125463510666,0.2938140000061768,1.382531989635081,0.325459896038507,0.261302009986472,-0.05020188182130837
5.41,-0.014142065248289865,0.3546106261493567,0.24763600569201605,1.4319833061367682,-0.1459158128570052,0.22699227492056914,-0.6428228137193883,-0.10865745433231644,0.24969558976715558,-0.4351596855741062,-0.19544237333552122,0.13093906527976334,-1.4926208073804454,0.2706104231934225,0.3109645636811102,0.8702291347606079,-0.4600745107503971,0.1978418257910357,-2.3254663613766713,0.06124615734444938,0.18173408342707367,0.33700974627044167,0.5341709489567905,0.3304415020461417,1.6165371045983223,-0.4039536774069625,0.22522677803776667,-1.7935419621339448,0.5751904088100832,0.3726743893535399,1.5434127625669098,-0.034874146963625556,0.2662593230481877,-0.1309781252516518,0.5037421223291659,0.3076090250721668,1.6376051457234884,-0.2989771059835223,0.1626159731067679,-1.838546978329272,0.5785553317010227,0.31441601840919015,1.840094962808396,0.01097152296640691,0.24336783759162928,0.045082057986713525,1.3895772158246797,0.35038605694278346,0.2512276170149409,0.044187832472411204
5.51,-0.008314005830744958,-0.08284538369010473,0.19424753509542295,-0.42649387365151087,0.5217069954373444,0.3362403996666842,1.5515892675434413,-0.13198467176782044,0.18571721510290218,-0.7106754842015609,-0.04168603798242652,0.29980806976850477,-0.13904241475092438,0.01936966709760758,0.27079726173026575,0.0715282974940168,0.4996207578734259,0.314667983153006,1.5877711893888087,0.28927855392403473,0.294851063263229,0.9811005960856264,-0.35379975882448206,0.15983022703558464,-2.2135972987494537,0.0031788391335064083,0.2042611214779261,0.015562624499983156,-0.3606104877752249,0.16473420643410813,-2.189044373849976,0.5852454622118765,0.3616004810479339,1.618486403878141,0.24508272300204123,0.24934736986918735,0.9828967641833021,-0.348690442332056,0.1576310981963298,-2.21206631382953,-0.39779108489475407,0.15178475630155455,-2.6207578059054404,0.5636093035969708,0.31559816333264873,1.7858446882116732,1.3877268882675164,0.3482521620492196,0.2440744634316859,-0.12779318224356023
5.61,-0.021146149529264094,-0.3554951615741064,0.16918940296020624,-2.1011668305119544,0.5332556813796743,0.3385921302033214,1.5749204834130646,-0.11075990428608742,0.23451983661431045,-0.4722837346515908,-0.008658701698865826,0.26425909384630264,-0.032765955459992106,-0.3095516881524711,0.15170395189182398,-2.040498512347286,-0.40199649239292456,0.1669618333738065,-2.407714890701428,0.42512714417846065,0.26910337902452536,1.579791178094853,0.49930963751043145,0.36817815723773817,1.3561631174877649,-0.3921423817413363,0.20129031759913912,-1.9481432908376186,-0.008525757293903733,0.20850361766130646,-0.040890212791189956,0.5380052262803628,0.31032262076079575,1.7336964510075803,-0.007524955236044062,0.2825514414747939,-0.02663216013610518,0.1732626104624324,0.2516350445139236,0.6885472204283746,0.5654385852402306,0.367826964841802,1.5372407117662485,-0.04953280332773079,0.19089633907353667,-0.2594748729500248,1.3809047073727392,0.34898512478645116,0.2517022754051555,-0.05728075321262024
5.71,-0.020132739245636102,-0.3854080602784452,0.161884781902511,-2.380755348026121,0.3546926718735756,0.2515915153508851,1.4097958406065454,-0.10199475305359669,0.20121729407479522,-0.5068886028041101,-0.12228450277956923,0.1770814537992454,-0.6905551098434134,0.44879518291332404,0.2819419831589491,1.5917997663381296,0.5772905391271035,0.3560315496282773,1.6214589401693096,0.48644801111311586,0.27517063430033806,1.767804956186483,0.5097481315840334,0.27342981617136264,1.8642741260688502,-0.3395828052135735,0.16189225095456966,-2.097585296462815,0.5861728062264498,0.29082870389275456,2.0155259724384216,-0.15260279172900706,0.18160856503885706,-0.8402841115800683,-0.4193109710106711,0.1530257962431945,-2.740132587477512,-0.4607297895693888,0.1797350921156085,-2.5633824989114533,-0.06274229900665258,0.18294471955781955,-0.3429576932217654,0.2149875049309168,0.29214172957680257,0.7359013901997102,1.396661908613533,0.37997016398337485,0.2280350590510647,-0.07706535042132066
5.8100000000000005,-0.02131153862210548,0.4764692915627312,0.2678406188603158,1.7789284298630574,-0.4087488769875933,0.1587181897083016,-2.575312116013973,0.5733570282737314,0.36517941563483874,1.5700694062314287,-0.07925060622123521,0.20907577574330444,-0.37905207305573363,-0.08992431053450523,0.19610076238604937,-0.45856175896694246,-0.42756496436391317,0.17126579707504958,-2.4964994275917913,0.4017618867823829,0.301028943693727,1.3346287631103793,0.0642493688978872,0.22084478403723376,0.29092545326791575,0.3532141715439446,0.2658225803516145,1.3287590959230537,0.3796524763283614,0.26116245913470965,1.4537023337360049,0.506465634999604,0.2740777095864452,1.847890642999783,-0.24543883249235854,0.1634308196206265,-1.5017903787186409,-0.4146590893669765,0.18294298676902582,-2.2666028181255355,0.5590947101281851,0.29213895286517383,1.9137972004240567,-0.3676137918225739,0.16211883366766303,-2.2675575903547833,1.3893542043487639,0.38135380484734666,0.2327832419422719,-0.028444989151448042
5.91,-0.039917195156589966,-0.22620475418252659,0.12397545822578543,-1.8245930075173433,-0.3892475651425894,0.15886768271812624,-2.4501368590691834,-0.3144797810490843,0.15862123797389524,-1.9825830706279015,-0.08692037120189906,0.19610076238604937,-0.44324341294902886,0.5784093978727396,0.28321148598032747,2.0423232337155888,0.21587143112080687,0.21627195263277535,0.9981480654005628,0.4913220587166579,0.2832120879220764,1.7348202272066908,-0.3945673536386375,0.16443654193652366,-2.399511379842503,0.10737771086937534,0.16597153711082147,0.6469646105505293,-0.3632114801988093,0.15806978569242255,-2.2977919442843953,0.4853470035291937,0.29452654682453283,1.647888819401886,-0.08640342408262512,0.23244791508671972,-0.3717109015599923,0.6247507069468015,0.34053934536246894,1.8345918480633094,0.07508772306554004,0.22776577480357318,0.32967079066333044,0.49149997742483564,0.34265434701047354,1.4343900251462811,1.3917755181473912,0.36642337040803635,0.22311149744443812,-0.07338486371347797
6.01,-0.045094835052473456,0.5295053025124722,0.30533612835932583,1.734171797348984,-0.4236849420745579,0.1853896469726327,-2.2853754187098834,0.4723194956332583,0.2637145460798282,1.7910255716053067,0.13232556942726267,0.22411783675705998,0.5904285501858623,-0.42090091467904067,0.2126753381547569,-1.9790772090968292,0.5169963992437846,0.2888963658337964,1.7895566036341743,-0.03944711518169958,0.18906102854244947,-0.20864752236785067,0.5394399437181304,0.2906614911314487,1.8559044117549588,-0.21592513323564136,0.14292146625836655,-1.5107956760344334,0.5991204407435862,0.3542809553874182,1.6910884754965947,0.02659507263382296,0.20978956940123814,0.12677023318999195,0.07226687130408055,0.19587227238689814,0.36894896058251103,-0.24514855435138408,0.22954306442745845,-1.0679850204267765,0.48774604251948134,0.3130871965757025,1.5578600717437752,-0.3976272246113769,0.16976822440453615,-2.342176965130304,1.3815427560034448,0.37657839242492,0.23834100871152775,0.1407797909184054
6.11,-0.042516243169438354,0.3975914944480217,0.26158092065641114,1.5199560176266131,-0.35835286374957187,0.15421109179562736,-2.323781380294546,0.5878261820003591,0.28276310681710126,2.0788644905524425,-0.08023558978559785,0.1943948162252279,-0.4127455214270531,-0.40666374048962395,0.18600672109247163,-2.186285194971286,0.4712211039760948,0.2798780412238178,1.6836658635868484,0.03680107338647239,0.16125336055799547,0.22821895468799688,-0.3755871719383858,0.1880970489227641,-1.9967733363674853,-0.31772146175716226,0.15886558362743183,-1.999938907487199,0.1814682998841926,0.20289247247808553,0.8944062717940068,-0.3628817692037125,0.14936932339574222,-2.429426343736498,-0.18703757144423347,0.12105800050733832,-1.5450244565446591,0.449332738797859,0.26161585045241986,1.7175287277923523,-0.07048315941988757,0.1838847340905503,-0.38330076593078993,0.23518954911516185,0.29949487713542333,0.7852873857632483,1.3967553862969395,0.3394470588021839,0.2056910632652272,-0.29128987966373393
6.21,-0.05652343183992525,0.2644700657146155,0.1957313056876444,1.3511894011306862,-0.31192817834368963,0.14616871026040082,-2.1340283962825346,0.583802615518819,0.28832884489827343,2.024780474963554,-0.05324964022832924,0.19049127201325608,-0.27953847788167246,-0.06772212844333983,0.22630720656032288,-0.29924866058248256,-0.21944720467246165,0.15975091659435997,-1.3736835402934349,-0.06252943636092455,0.13074781149065898,-0.4782446118831736,-0.3264125177648038,0.15278756046585668,-2.1363815010172047,0.052680076834740484,0.22471820501447826,0.23442727673686423,0.004360830445219523,0.13440906130577057,0.03244446767840272,0.2338682537540325,0.23425805855591836,0.9983360025935124,-0.3826023840913898,0.1657300704531789,-2.308587590925332,-0.2714690458254952,0.1521977061769531,-1.7836605599684328,-0.048938682861950536,0.17639798007382246,-0.27743335179614714,0.5096382791810691,0.2862735667273087,1.7802491686790194,1.4047822069398384,0.2843929278327203,0.19095321841854687,-0.3099586599232251
6.3100000000000005,-0.05867096170488704,0.46940285080980215,0.24067821671148393,1.9503337577596596,-0.3454933511948717,0.21396387112528123,-1.614727520949444,0.6103845458107017,0.30373415640561835,2.009601267878383,0.4541658749573552,0.24906356583252423,1.8234938275265289,-0.09527933860002977,0.2257571630601142,-0.42204347941180925,-0.32206808842154355,0.15997858494067382,-2.0131950069503284,-0.2890594774086161,0.16485666209541106,-1.7533988237692357,0.35117452280105066,0.24235666518962465,1.4489988238049272,-0.055909181918852836,0.18249395259270082,-0.3063618334994024,-0.3780191596547399,0.17035119239827187,-2.219057902283135,-0.00923181393924734,0.15550760531240257,-0.0593656748858125,-0.2720433881046984,0.16547833831301376,-1.6439818702440043,-0.06382119253627168,0.23713542934491288,-0.2691339405190437,0.04443347339149578,0.26331561606810605,0.16874606244394996,0.20087730007218135,0.24627572448384968,0.8156601731379924,1.394974537125126,0.31609717101208495,0.21472978292493258,-0.1389621426640516
6.41,-0.06665692014262338,-0.0803095899613046,0.19750418446924678,-0.4066222200664794,0.006710851044947976,0.15682803210363702,0.04279114489247196,0.026155756821265707,0.22911578910171884,0.11415955628293051,-0.35577872573606567,0.16658646060349863,-2.1357001310140906,-0.2505308675503828,0.18892853704502124,-1.3260615440571684,-0.04586415164780496,0.18007259513503415,-0.25469812112949236,-0.10195874558480897,0.16841391842870956,-0.6054056964892044,-0.33609737546881646,0.17368266811437683,-1.9351232861501368,-0.20657590764848344,0.17292139042787927,-1.1946232165802562,0.4875150255085989,0.2551461411201622,1.9107285862457999,0.4755164409009168,0.2599896124015354,1.8289824601396598,0.5906802492218566,0.26282656914027736,2.2474145256851683,-0.2812239525044652,0.16634797178658833,-1.690576383253136,-0.13077822204337552,0.12849030559085253,-1.0178061406423013,0.2187773492454068,0.1964468410670641,1.1136720145615342,1.4101856012780511,0.2968032919478812,0.19355340110237343,-0.22059123010498005
6.51,-0.052295922202304175,0.5216409857429357,0.27703647598061937,1.8829325051746186,-0.3913164026689265,0.15482291688789343,-2.5275095608247513,0.10852121319464592,0.19142357108855354,0.5669166685039192,0.4969717337375432,0.267654263424209,1.8567674857093,-0.11049315284275177,0.1926186342883855,-0.5736368822827558,-0.05634853469871098,0.18222482574589421,-0.3092253454931927,0.4883429140872634,0.301974948390165,1.6171636643722602,-0.016033061124123362,0.15376996011963756,-0.1042665362704729,0.5794624503113356,0.2698466573218187,2.147376795630526,-0.40039038708139196,0.15911471107253994,-2.5163630966771837,0.49836531622541463,0.2634699797290501,1.8915449750211715,-0.27338723736668236,0.11583289175413998,-2.360186586267378,-0.43855855515504233,0.1714229119051287,-2.558342699240552,0.4545079891182578,0.2596587502786394,1.7504050552139145,-0.38122417410791404,0.15944353963225785,-2.3909665765522594,1.3890110704311491,0.38503569638093954,0.20802100250792882,-0.10849267559885568
6.61,-0.05048060123639074,-0.3946923683244962,0.1531787740406326,-2.576677942466096,0.4927826388658161,0.270167614385388,1.8239885634955224,-0.41836147661775563,0.12575482243522126,-3.326802650715536,0.5154960567222573,0.2568739808460089,2.006805263127399,-0.15036057658182003,0.15592219828759046,-0.9643307895421516,-0.34928202275259645,0.11642397914294943,-3.0000866258293386,0.12278560646013087,0.15612161857319035,0.7864740807985446,0.5944805784220556,0.265513091302414,2.238987823560663,-0.22453921731583076,0.12132725798886004,-1.850690611803387,0.5121272485099357,0.265068069479235,1.9320593744696772,0.5122416841741965,0.3112640269160566,1.6456822500479333,0.24899682099911186,0.19054502813939425,1.3067610497659214,-0.39147966871271717,0.14189836051749524,-2.75887379730825,0.5774932705257393,0.30661430714545257,1.883451805958247,-0.3169811538449889,0.15437072952064101,-2.053376017780658,1.3877899570241672,0.40486473888376745,0.19940292391470196,-0.19377521494810057
6.71,-0.05190905928364027,0.5102489197171421,0.2651599718760722,1.9243059806765146,-0.36893942623591935,0.16306028003009043,-2.262595318540094,-0.3948733331652595,0.17681020236090542,-2.233317579486975,-0.4068973613393238,0.15429716745524305,-2.637101951060459,-0.32841336743323535,0.15917080345286588,-2.0632764320404156,0.5641017182897603,0.2693201785697871,2.094539374232549,0.5349119249730238,0.27485335635880825,1.9461720681144645,-0.14641535840961092,0.1778624238183314,-0.8231944402104826,0.13469459610111786,0.16298795079973252,0.8264083046643158,0.17449940067396474,0.19433066051695264,0.8979509471627721,0.23928430960815994,0.2893668053600603,0.8269238391404898,-0.2256117565823511,0.12332619490854371,-1.8293903963359963,0.5281106909604035,0.29373830161636383,1.797895228692856,0.49615308995123797,0.26000755033890993,1.9082257007710788,-0.3891119537598134,0.15482291688789343,-2.513271042694329,1.3855170963505166,0.3854159349153991,0.2079409842900373,-0.14264838112758074
6.8100000000000005,-0.06438915488864734,0.4655197550073263,0.2289634853818658,2.0331615507640066,-0.30481465452024015,0.19734180809341553,-1.544602522218456,-0.06227437056365409,0.13732575012534656,-0.45347919459250746,-0.3262693829333164,0.1353720952423949,-2.4101671939782285,0.5052288370772605,0.26514648235057225,1.9054706387137936,0.5088045912112734,0.2539652058705518,2.0034421229757564,-0.1429450682101603,0.19967636047095333,-0.7158837825019068,-0.39132051235397475,0.18599685360494014,-2.1039093122787165,-0.34324993524001873,0.1545600466319897,-2.220819304340035,-0.3610020171326026,0.1602609011161762,-2.2525894626719047,-0.016005502309215037,0.13375339320474877,-0.11966427113152879,0.502728750518895,0.25950190247282334,1.9372834870509046,-0.14689138952432496,0.1924676647656618,-0.7632003521379654,0.09898494816538475,0.23055167551879321,0.42933953068285585,0.5840985104681191,0.26660473816192226,2.190878206048113,1.3860961373894827,0.3614443441282478,0.20009922420081036,-0.13898265730772133
6.91,-0.06552907390251388,0.5199922053699668,0.2543396127220974,2.0444798189503146,-0.39152174530381295,0.16949842097355652,-2.3098843225500865,-0.10151347645571186,0.22286234786465797,-0.45549855068995304,-0.33150786791406095,0.13205198035353782,-2.5104346563113054,-0.38680841880268624,0.20093757690321798,-1.9250178327222158,-0.0777687997544562,0.23491272266947824,-0.3310540138938186,0.596590387636966,0.2647779462733484,2.2531725018407123,-0.2557145122905212,0.12732988982490004,-2.008283464645823,0.582999407522541,0.3031814150579042,1.9229391333607793,0.2314571100938528,0.18563605253718096,1.2468327511300337,0.4457021385754925,0.24469190198762492,1.8214829953711893,0.11118255717247029,0.156028248266058,0.7125796668746981,-0.3612382215338236,0.13386088180789185,-2.6986093073273523,0.061888856719747684,0.2631016710680297,0.2352279119646686,0.4655420389008522,0.28099965896674534,1.6567352452052135,1.3821922358779872,0.3646325984788244,0.21161402181841532,-0.023022141562862995
7.01,-0.0731391286944008,0.11469025283394627,0.2010025707678231,0.5705909750100874,-0.3580759380565578,0.13840720163973208,-2.5871192670206127,-0.14244476261307426,0.149841961843735,-0.9506333263416892,-0.32239375631817,0.1314886279422549,-2.4518755831854433,-0.3579724551671445,0.13865096379215266,-2.581824499278417,-0.12759906013427233,0.20582560944380823,-0.6199377253349405,0.4858968953419646,0.244999701398339,1.9832550512049678,0.6132890849866789,0.29623913444264643,2.070250057071427,-0.1725433983892633,0.12052988796268403,-1.431540353233238,0.17698347731341096,0.19552692467583113,0.9051616681786214,0.5524885400666443,0.24129422804784578,2.2896881725537686,-0.2848401436184729,0.15360692480769791,-1.8543444182289774,-0.3430250570450197,0.13445384451130862,-2.5512476663779484,0.5276558103111275,0.25732539928724163,2.050539168588357,0.0906067929595165,0.1451701072783908,0.6241422194843532,1.403620545987979,0.35216950515352297,0.1836242058560994,-0.3023263684606456
7.11,-0.08903974734403368,-0.25289409017514575,0.1429571923268517,-1.7690197048424026,0.02453182288405796,0.13485975090957136,0.18190618563805214,-0.10648546835375176,0.12646420960292976,-0.8420205897628513,-0.046316967572785736,0.1778624238183314,-0.26040895304616934,0.011398949022041402,0.21860694148616455,0.05214358219618946,0.47104250655150154,0.2255853455537921,2.0880900104354465,-0.059042087404323,0.12822904421845957,-0.46044238857255265,0.01978684748170786,0.25445386677294834,0.0777620231621941,-0.19865953274621329,0.13710163742025175,-1.4489946034508017,-0.3012629677259731,0.1206734550992426,-2.4965139804625016,-0.22860085984767364,0.1493917017299257,-1.5302112312834109,-0.03157332111537898,0.2206465582491604,-0.14309455522857276,-0.2368445648521456,0.13108681211783157,-1.806776448566392,-0.033028171959396384,0.17721854685409272,-0.18636972566189183,0.07832324185798377,0.18764144692037096,0.41740907002929717,1.4088145216809167,0.18220298745280847,0.16885192887199496,-0.5417694206277578
7.21,-0.06940666956474106,0.5455938469026771,0.2536055286471655,2.151348394544454,-0.34230951941691534,0.1389958982688362,-2.462731085451486,-0.11530735459381726,0.15106949461749514,-0.763273584026829,-0.43462620921126904,0.13394774373061236,-3.244744533251438,-0.2483665304132861,0.1520834753018719,-1.6330934700190212,-0.3204844666508897,0.11393749673083028,-2.8128094424262526,0.5658608195458722,0.24193632631927237,2.3388832431849504,-0.3100607955061513,0.13742461297779518,-2.2562246222679945,-0.02651106924537089,0.12485185214613585,-0.21234021594121302,0.016799369101930757,0.17229407167220073,0.09750404607009644,0.5015768818407553,0.22482547397503594,2.230961078264864,-0.18988564164107075,0.12067517886251698,-1.573526912749837,-0.05330864697928126,0.1426021118461359,-0.37382789279306017,-0.021253651940971004,0.1448306338864852,-0.1467483181605703,0.521605796033026,0.2410227189268844,2.1641353908685184,1.401539463926209,0.3426593822662938,0.16627350786061826,-0.4330991949436547
7.3100000000000005,-0.08447686904966695,0.023553462207808677,0.15846287391699096,0.14863710107988387,-0.34576663600420693,0.1419937564744428,-2.4350833768274938,0.08186848234077505,0.15200698438070986,0.5385836886003272,-0.13399268342079768,0.1778624238183314,-0.7533501486388027,-0.3189869978260551,0.11507197366057893,-2.77206506222751,-0.2760578640276506,0.11883160400483896,-2.3231013865335792,0.5774822202186773,0.23455014540580812,2.462084255882867,-0.3186179462899274,0.14973592723670415,-2.127865717799662,0.5235022967273627,0.2552047241630281,2.051303315188408,-0.4004535339905245,0.1282525146126653,-3.1223834885415855,-0.3876124226276199,0.1253261848098589,-3.0928287110606116,0.259923530894583,0.22636206862510627,1.1482645147807875,0.49084746741139024,0.2691673673311263,1.8235771753399657,-0.1641378971431338,0.15078633756774706,-1.0885462157298433,0.49396087941345923,0.2259929209124654,2.185736072701086,1.3989680995978635,0.35787134972239054,0.17530718712802684,-0.49046919891905094
7.41,-0.07552182606794093,0.15762608562060937,0.22428235292186044,0.702801997424764,-0.3518083454165752,0.1328904685905547,-2.6473557445306524,-0.1664109651629908,0.14502117640625978,-1.1474942438531188,-0.3647259811799517,0.11966091810686473,-3.047995844844082,-0.3645146877665296,0.13092946066850103,-2.7840539929316646,0.5296054410866192,0.25152196298401164,2.1056031640476833,-0.11346065949224188,0.1778624238183314,-0.6379124778380989,-0.16926805151776764,0.12117684588117135,-1.3968679435983635,-0.37069589068917064,0.1378041919643239,-2.6900189711582945,-0.3027674069060167,0.1422915772374813,-2.1277957050170655,0.5839235407560969,0.24156302284088368,2.417272038944157,0.5543799444035686,0.2506775160673567,2.211526398939614,0.524423974789619,0.23986906941519937,2.1862926140004806,0.17671637088256476,0.17792104976681214,0.9932291379472734,0.04374297978130975,0.14551623231124436,0.30060550006371783,1.3953568721031913,0.359702912916905,0.1759325512653904,-0.3708109381602433
7.51,-0.09640473923679424,-0.33689109262292755,0.1419937564744428,-2.37257680187906,0.18210065881607876,0.18140135856600775,1.0038549890452808,-0.35203664624083447,0.11887534772943742,-2.9613931985467388,-0.30099705400727106,0.13600277318983592,-2.2131685034622945,-0.10101109797091241,0.1778624238183314,-0.5679170214956989,0.502302363627244,0.207416125377441,2.421713175449547,0.058741444952764024,0.1462815010153571,0.4015644120755717,-0.09241432660583952,0.1744385149321374,-0.5297816634233092,0.5948043694145874,0.22735130543171836,2.616234678244362,-0.3786837944677436,0.12343537628234673,-3.0678708638724466,0.5367063502157957,0.22658714946891803,2.3686530832562425,0.42133079739543755,0.2013743175255013,2.092276724126361,-0.33128690513924197,0.11641003467884241,-2.8458620947344633,-0.1444735653972285,0.12214483089142877,-1.1828053986635516,-0.281114975588183,0.14973592723670415,-1.8774049807284623,1.4026139732465877,0.3471856736277695,0.16342071617456339,-0.4476322309739107
7.61,-0.09131276056729073,0.48782405272125384,0.23202791675762272,2.1024368943967926,-0.313311223696111,0.1535630469321773,-2.0402774622887505,-0.05951299431098858,0.19245723151330038,-0.3092271142166759,-0.3650708504728895,0.14125288117483745,-2.5845196744767187,-0.26230936917757824,0.15795620300139812,-1.660646205678016,0.5434800578177376,0.2428519495489534,2.237906917474362,0.02157697495879225,0.13219885518578353,0.16321605000640432,-0.08593873497307025,0.12553591573169356,-0.6845748841849061,-0.17438036456164147,0.15975574503105444,-1.0915436219695522,-0.33793665013015817,0.13700613681705628,-2.4665803881573827,0.4504954656954252,0.2135981408966902,2.1090795257123225,-0.24289668369632225,0.12385626016023438,-1.9611175356181738,-0.05008082777714765,0.1336057239702268,-0.37484043564112457,0.4059652561642939,0.18312859503011525,2.2168315991150016,-0.306996994497452,0.13050136436518275,-2.3524427962176735,1.4079147030047432,0.3170203572223905,0.1639530644077551,-0.4464199421162727
7.71,-0.09312259135923158,0.22795365785427354,0.18268922396336357,1.2477673992418254,-0.3346863853615138,0.12421143610018558,-2.69448929880792,0.5263250864727652,0.22535467453834382,2.3355410201762274,-0.10076702017299613,0.1778624238183314,-0.5665447372735656,-0.3598774271176954,0.1378041919643239,-2.6115129154479133,-0.3453889600039548,0.11688999433358334,-2.954820572736755,0.5949728259976448,0.22609460685823254,2.631521531031958,0.055626355340886925,0.14498784356945807,0.3836622020951604,0.4331728929359799,0.2018587130611119,2.1459212058130905,-0.21465016846903975,0.14322966968382692,-1.4986431857510416,-0.351268022643124,0.11775177011606461,-2.9831230757456044,-0.15495839914652965,0.12381972077201174,-1.2514839977054488,-0.2098561340527982,0.14400902716328057,-1.4572429116881593,-0.2744890907484467,0.1475386347642845,-1.8604556778431962,0.5094977909911691,0.2287379206031339,2.2274303694277293,1.4036646266705604,0.34805446422486747,0.16285599008730242,-0.46043150968090757
7.8100000000000005,-0.0900209844134352,-0.35426457124851307,0.13896720224211456,-2.5492674928527257,0.466540716881693,0.22255867616220026,2.096259399663571,-0.3695559976125717,0.13518990034423148,-2.733606553977614,-0.10313769235060971,0.1778624238183314,-0.5798734220329445,-0.00411377681990396,0.13862129891197483,-0.0296763690153865,-0.4914787425451327,0.13471995768907252,-3.648150956812524,0.572713191498331,0.22595544472265222,2.5346288610186165,-0.11521548317806403,0.1372462888134643,-0.8394797715416333,-0.29936360079381036,0.15129336694815115,-1.9786961373951277,0.23469816347517872,0.16371396701824495,1.4335866862784101,0.5072454990428119,0.2284967883294676,2.2199239768369035,0.5202964429180013,0.23242814879776308,2.238525951392892,-0.23994799002877956,0.11116161581706899,-2.158550757517284,0.24758718938775548,0.21809807829028485,1.1352103206440045,-0.3496338008921006,0.12129329882900328,-2.882548370499898,1.3989918810125606,0.3636615468836139,0.16917376378226837,-0.382780975720716
7.91,-0.10034387795583014,0.2289140736018186,0.2206093971310309,1.0376442553163552,-0.34148835723879434,0.13664928984775757,-2.4990130400183577,0.25607606057690235,0.1626800866871952,1.574108213190782,-0.27481757930129475,0.15143257566562304,-1.8147850823598026,-0.26975926507005005,0.12462726207792763,-2.164528535509137,-0.36527494122365867,0.1392376843405935,-2.623391382537996,-0.3292115679140754,0.10856569572526671,-3.0323719266458617,-0.14579965974738662,0.15106949461749514,-0.9651164857375631,-0.3618465020907421,0.1389958982688362,-2.6032890653426604,0.5073823913172615,0.245079613234785,2.0702757957725018,0.1204416120911954,0.1485586776565005,0.8107342767931889,-0.045396862282743505,0.16458004177087251,-0.275834553171063,0.5189160538998878,0.2157304050668294,2.405391366780853,0.038559016420836284,0.17539051954694507,0.21984664006035726,0.5783930679649724,0.23603483146093757,2.4504564194403367,1.3966480775707288,0.33219495103387076,0.1679494315399064,-0.36065820693120443
8.01,-0.09270147893398081,0.5039573373164041,0.20582897793364285,2.448427536179453,-0.3293416481483939,0.13822390365572396,-2.3826678268954793,-0.34682327832644516,0.13731809819758972,-2.5256924096588804,-0.08964462946163934,0.1778624238183314,-0.5040110639288393,-0.0942093180566039,0.11524400999754253,-0.8174769175301417,-0.2993869873027296,0.1506178629182606,-1.9877256356054203,0.21668610687480264,0.17789157326007066,1.2180796588830876,0.5784050874254788,0.21361391068399885,2.7077126464910757,0.5293179387924515,0.2270406220904445,2.3313798822379503,-0.00342643353298609,0.135988031445146,-0.02519658161511238,-0.30486590755499976,0.11901456902637225,-2.56158477108332,-0.030342428398611315,0.1369777775002885,-0.2215135108214718,-0.2881738494132869,0.1231091055057662,-2.340800448751448,0.514056279267461,0.25095721638105134,2.0483821373238467,-0.3331496860666237,0.11985184613690414,-2.77967921900906,1.4012437252219059,0.3463906829465833,0.16196932857007557,-0.359491101585584
8.11,-0.09364373439564387,0.48241139173508274,0.21136019762153907,2.282413610337776,-0.2847390942663688,0.12065227101347532,-2.3599978009080913,-0.0970954530118456,0.11667768501775597,-0.8321681476373967,0.4583137817724681,0.19768035068437537,2.318458967650411,-0.07314090695189251,0.1708122300349464,-0.42819478989840865,-0.3211688638947985,0.11858716304256538,-2.7082936774490416,-0.28216680478793044,0.13795427932557844,-2.0453646394107414,0.022989653929326073,0.13021351332181796,0.1765535184701451,0.5542414413176533,0.21139511341082173,2.621827119724143,-0.22849050119728873,0.12736630488613612,-1.7939634929470267,-0.1847040250507724,0.14589349091092402,-1.266019641435164,-0.23921176780692083,0.1402895391186222,-1.705129044615755,-0.2929379509739752,0.11233907460047501,-2.6076229665927526,-0.30504857984182066,0.12488700090927014,-2.442596728409205,0.4646245442996048,0.20281136440006584,2.2909196714592683,1.4042931081635508,0.3225217275481426,0.15126130521989128,-0.5666118694441226
8.21,-0.09528403723385878,-0.28720279008087957,0.13460697534480096,-2.1336397266575418,-0.10976244095408604,0.11061584737428107,-0.9922849533728433,-0.27226310030340595,0.12473288294195216,-2.1827692416129834,-0.07621440848232418,0.13142731754954756,-0.5798977708998105,0.5836093464963533,0.22403614185489582,2.6049785613356375,-0.1924814631230972,0.11860346393257425,-1.622899169559857,0.07689200273107903,0.1331094841072153,0.5776598357870959,0.00828143413693654,0.19706412801562656,0.04202405694191003,-0.01682695056940032,0.17596276728522678,-0.09562790372650073,-0.27672682435815865,0.11840833901176867,-2.3370551995552833,-0.23281895793164298,0.11702713343444963,-1.9894442519354008,0.14140183398543898,0.1894085932191503,0.7465439216996541,-0.19920304323708887,0.1412437675024437,-1.410349261843659,-0.2017865045176784,0.11687818812568515,-1.7264684519295161,0.47267598688606766,0.19838281572074845,2.3826458212561374,1.4084280312267716,0.25695221535331625,0.14876718969469108,-0.5811055822715309
8.31,-0.10041774059561395,0.1622300585415942,0.19419883390264575,0.8353812187302943,-0.25875741399676083,0.12092715376253228,-2.139779246809111,-0.36449097891189175,0.13583364119821772,-2.683363088088036,-0.10065655632624183,0.13142731754954756,-0.7658724091990595,-0.32903191870862647,0.14025169407376298,-2.346010298710387,-0.22964027000801934,0.11835813667868103,-1.940215319808957,-0.011190173766379532,0.11895684316140462,-0.09406918903518927,-0.22584511892445905,0.12738910473141202,-1.7728762550033796,0.5254485871920573,0.21186640000989074,2.4800939987063892,-0.3295753374468652,0.13604757047803226,-2.422500720070426,0.44485812493884996,0.19612356760896088,2.2682542968309964,0.5121702271808909,0.21357336068726868,2.3980997701808504,-0.051295327780199684,0.12542969056299905,-0.4089568231409755,-0.3284744817565605,0.12265045949121653,-2.6781349464090987,0.46442517552777174,0.20116050147443912,2.308729457938764,1.4018068407435527,0.3284895479669336,0.15294628502473406,-0.46408130359248834
8.41,-0.1034912792318763,0.48022926524244114,0.20162577074518506,2.38178514317674,-0.3355471927435743,0.11930355370823398,-2.8125498555070774,-0.3078944185014118,0.11875398988812787,-2.5927079906238397,-0.06803834067800557,0.1778624238183314,-0.3825335291028076,-0.010012571423951929,0.11518340671379139,-0.08692720340205984,-0.2784737737203749,0.1479279868905293,-1.8824955275464743,0.5836706615606294,0.2521020784860808,2.315215586740414,0.5015305047760263,0.19193043429279902,2.6130848222378202,-0.32557015390484906,0.10476161287602573,-3.1077237641437123,0.4823963923077705,0.19406415568870108,2.4857573032785303,-0.3361773998958187,0.11928745336059215,-2.8182125649006298,-0.16767707328065393,0.1204863029447029,-1.391669170541395,-0.2732728132103334,0.10569400897609871,-2.585509016619196,0.4076319545065417,0.1958842220144314,2.0809841155890045,-0.14371796059587644,0.1566346428177065,-0.9175362359854028,1.4009939455104168,0.35127462804182086,0.1547668028814225,-0.44673585915667235
8.51,-0.11429952150953163,0.45134116317997497,0.1809785827880585,2.493892681812711,-0.3010604533339095,0.13822390365572396,-2.17806360095114,-0.31079793173552345,0.10817338397447598,-2.873146057895884,-0.05745729639219108,0.1778624238183314,-0.3230434802287297,-0.28596344684126884,0.09854909449845037,-2.9017359144356774,-0.018449476523318072,0.1818773826127619,-0.10143909186662947,-0.06199720705881409,0.11612996157993087,-0.5338605663461118,-0.31071867003453985,0.11835156356925505,-2.625387114997585,-0.332986170495889,0.11272270967419667,-2.9540291522295865,0.016446932463212466,0.1390533483319663,0.11827785997607336,0.009811251001340419,0.1815078882028595,0.05405413009034089,-0.037013866334148805,0.15989774175932828,-0.23148460964421003,0.506615674033472,0.2100658509627843,2.4116993395715,0.4892532075577864,0.1945300478149212,2.5150521117604887,-0.2509099237816623,0.1506178629182606,-1.66587095926218,1.4016258062074354,0.2865992668857839,0.15123611641075366,-0.586338961643108
8.61,-0.11886646959083136,-0.09704894153657118,0.14440212120548154,-0.6720742100351305,-0.31554470452593003,0.13822390365572396,-2.282851924887473,-0.23618393481263553,0.14167759040910283,-1.6670521719817493,-0.0907475358763245,0.1778624238183314,-0.5102119600541034,-0.3473071496989163,0.13731809819758972,-2.529216135801482,0.492755602715381,0.17968807608221557,2.742283258071741,0.46691372757649136,0.18336337821891202,2.5463848458281406,-0.288706119458416,0.1506178629182606,-1.9168119495567075,-0.010182627101209367,0.12040956453519569,-0.08456659685230393,-0.3201126940256184,0.12016760338520081,-2.6638851488074344,-0.16865129834273077,0.12594427255194998,-1.3390946243559017,-0.020173956856103438,0.12799042837716446,-0.15762082455614934,0.5597146045756086,0.21480475506557267,2.605690010934565,-0.3116423958014274,0.11526249408326611,-2.7037623841133924,0.40029887489839266,0.20240542987847368,1.9777081827238343,1.396461960236298,0.3198317182029264,0.15200920015882943,-0.4436721088962365
8.71,-0.11191888879745518,-0.28222037167477726,0.1358504683629133,-2.077433924783011,0.16770589369891287,0.1775789563043448,0.9444018434903348,-0.3236834680306709,0.1194821835904341,-2.7090521641302296,-0.09296212638160606,0.15106949461749514,-0.6153600143892998,0.5499495395366664,0.2042295439463844,2.6928010948359287,0.05435628597455651,0.13650187967015517,0.398209065735239,-0.004605573872583643,0.16939237692487719,-0.027188790642132272,-0.08742914538824505,0.10999044673003067,-0.794879446238073,-0.217447619191532,0.15062177660888357,-1.443666540703299,-0.27779656300529787,0.11125540296263119,-2.4969264917282716,-0.29799532626145353,0.11928745336059215,-2.4981279913877295,0.47777687596229124,0.19052774873102069,2.507649826046059,-0.19079095986064712,0.11025540245848492,-1.730445453069628,-0.014148530754111615,0.17889794554886854,-0.07908716173739816,-0.2061877761909824,0.1044677823879131,-1.9736972631941145,1.408954040934889,0.2604921744561824,0.14462725748033525,-0.660186894126375
8.81,-0.11265799701303704,0.02199550828835823,0.15137595872438883,0.14530384133457805,-0.25392932759825737,0.11321449323212104,-2.242904776137027,0.516928539713383,0.20018734996080695,2.5822238009274225,-0.29543826630417475,0.1325056727451939,-2.22962730714403,-0.26880688803646013,0.11220020839655633,-2.395778865992823,-0.2978815133869829,0.12813021230151522,-2.324834307509067,0.01773326120145619,0.1351158918291276,0.13124482221441655,-0.21775764775551343,0.11277870868814728,-1.9308400520673734,-0.3453825458777183,0.11773505565948958,-2.933557417908097,-0.10257345062025776,0.12979914045059154,-0.7902475337215555,-0.30942593491091475,0.11712642347746878,-2.641811520612494,0.47645395279427,0.17981162921999647,2.649739368143629,0.15575828126595223,0.15267249782544062,1.0202117832907913,0.47163889440409884,0.2116938280738965,2.227929357673397,-0.1347104312154939,0.13142731754954756,-1.0249804509987706,1.4079058020413582,0.297129438336566,0.14171829254228588,-0.6505286172338
8.91,-0.10944525089993566,0.4489914930180313,0.17689363499484137,2.538200388222702,-0.2573003453649092,0.11851403096642191,-2.1710538681939613,-0.30495232313601184,0.09665837542849949,-3.154949809409867,-0.11857479334683318,0.15335762029219543,-0.7731914013852731,-0.26774379203752197,0.11019796935977426,-2.4296617586789844,-0.29131955255160136,0.11979448162092354,-2.4318278155203346,-0.038939389685201185,0.1728083841887419,-0.22533275725020063,-0.18829576785517238,0.12618841311935786,-1.4921795369363193,-0.2751724924730634,0.10054877514841379,-2.7367065592484683,-0.020764750107847074,0.13312214408156406,-0.15598268981548624,-0.21855155217775885,0.1465454294013356,-1.4913570015153743,0.036822551865793175,0.17935953111589437,0.20530022372772616,0.5256774528294659,0.21103191009241454,2.490985617290118,0.08583594919267173,0.13403328534498554,0.6404077089637871,0.001063288552854935,0.1300223037289409,0.008177739682813078,1.405903474457213,0.24837471134848085,0.1406050859256203,-0.7452781013378081
9.01,-0.10804198162175506,-0.3496876206215897,0.13731809819758972,-2.5465515850533937,-0.08569883510112788,0.12699309822457971,-0.6748306506356323,-0.283573934992634,0.1506178629182606,-1.8827377410508597,-0.18726461991207266,0.1334438870296133,-1.4033210818455528,0.5504344427619057,0.21238681445291188,2.5916601469812153,-0.3311590458405807,0.13822390365572396,-2.3958160425377852,-0.0632554030866131,0.1778624238183314,-0.3556423089748408,0.42853505351633836,0.18071698916467274,2.371304742831063,-0.36617117824322715,0.12335356104095604,-2.9684686453571487,0.5796196682163715,0.20591741653061496,2.8148161431997956,0.38279933858841575,0.15829972271290954,2.4181933614795774,-0.3391860664942449,0.11470269758247084,-2.9570888361223697,0.5152552074207658,0.24000118609007093,2.1468860875853912,0.013549164005464267,0.13429436637391873,0.10089152934188643,-0.29040197541207,0.10440029798866513,-2.781620177402169,1.393827793583123,0.35823733892961784,0.155902155052086,-0.36815500383738825
9.11,-0.0964118696819802,0.48927060389394034,0.19502511103437886,2.5087569559578005,-0.2637149739007624,0.09661664871926975,-2.729498253111791,-0.3043610859952349,0.10339844330291263,-2.9435751281437463,-0.09186205338389204,0.13142731754954756,-0.6989570745005917,-0.09480783756777933,0.13732260961814247,-0.6904022420737169,0.4922685862030768,0.19974875221623556,2.4644388550181153,0.5741693791487487,0.20450912142409597,2.8075489990398936,-0.2620087792643695,0.11875398988812787,-2.2063155899957105,-0.22017841966954702,0.09462369986687304,-2.326884490664792,-0.21262172323225306,0.11092174816982088,-1.9168623533297529,0.017985259707675907,0.11094630994711933,0.16210777732263718,-0.036862554825346554,0.14263501142760474,-0.25843973689486727,-0.28601891270370877,0.1187490827259285,-2.4085989225183075,-0.14437736165605156,0.10473887876165917,-1.378450517735564,-0.18227953602730348,0.1092618045873527,-1.6682823125218889,1.4065443943782232,0.2912598993283149,0.13191190194927127,-0.7522276022768187
9.21,-0.12300235913551161,-0.01861905251365258,0.17025880934885804,-0.10935735181550806,-0.3255017630223667,0.12231672737171237,-2.6611385868196797,0.474944938982919,0.17564836164225536,2.703953139911682,-0.24963700510139858,0.13309988618715968,-1.875561371633099,-0.2872436945666612,0.10456481918348765,-2.747039556991089,-0.33342004640603506,0.12003081817313284,-2.777787000711008,-0.2644309356510918,0.11194809447446298,-2.3620851868221164,0.0805443807110767,0.12890728820173697,0.6248241029244722,0.5215116143773232,0.1817490393349569,2.8694050669296587,0.029886762828539328,0.1530141990038177,0.1953201926560662,-0.23861516548325415,0.10998749540286519,-2.1694753990828506,-0.11852669039880798,0.14108418811915405,-0.8401132116853881,0.0014470892683623034,0.18112434216659476,0.007989479774238728,0.5471815270879271,0.18586139454453157,2.9440300307056226,-0.28174616907284034,0.12825195980975543,-2.1968176509019663,1.3993156427858549,0.30250938756912665,0.1431898281976321,-0.5595902202373977
9.31,-0.11278990276212061,-0.020499529906536758,0.13297846625020157,-0.15415676300527104,-0.28757161703877815,0.11851403096642191,-2.42647739422731,-0.3267101745079534,0.0989377314953162,-3.3021797606449077,-0.09247281867387444,0.1398361593523129,-0.6612940394114517,-0.07988844180804879,0.15106949461749514,-0.5288191504865009,-0.2892801664950497,0.10478251791196513,-2.7607674663639354,0.5167087270448906,0.18973430773634914,2.7233278641567464,-0.3182801477697335,0.09665837542849949,-3.292835684013466,-0.2197442218651549,0.1497846788840985,-1.4670674163890303,-0.013805587771351864,0.12470195859756798,-0.11070866830491874,0.5551031293489859,0.19821526518587476,2.8005064535692665,-0.27919844233000796,0.13192769413101182,-2.116298963375709,0.24194612933109938,0.17198914980879573,1.406752284083481,-0.31037292455936855,0.11979448162092354,-2.590878313923587,0.4682790912764602,0.181175635421826,2.584669236490765,1.3968223583019836,0.3110882268610138,0.14067332982724398,-0.659748518789722
9.41,-0.1184872542158802,0.4807272767709497,0.1986975285892263,2.4193923305647775,-0.328810282078204,0.12125646239356479,-2.7116928499115964,0.4832966841020592,0.17444158126556294,2.770536018968479,-0.28750561825536886,0.14866910248978799,-1.9338626079021193,-0.3173107635977334,0.1378041919643239,-2.3026205449532475,0.007949333741724417,0.12113141307146559,0.06562569972691096,-0.30485153425422495,0.0945640118898932,-3.223758469651041,0.5779507361318258,0.19140537978257605,3.0195114514980714,-0.08904250466353135,0.1778624238183314,-0.5006257238149376,-0.3280755245090661,0.09860192375602275,-3.32727305930506,-0.19262277553898496,0.10244606892116487,-1.8802358896485682,-0.3561218561044289,0.11225462659449338,-3.1724470243073117,-0.03765127154095321,0.10999911111095684,-0.34228705269239973,0.481532081049126,0.2043209867114415,2.356743126584369,0.19222221391886105,0.16200011078326643,1.186556064619163,1.4023389970898117,0.3398889148123342,0.14369699487613855,-0.5050959020149673
9.51,-0.11878526968787748,-0.309387057324047,0.12243855652439298,-2.5268760601764275,0.054634345595546786,0.12041838985425664,0.453704335871549,-0.23804253815844306,0.13992180624509923,-1.7012540399990763,-0.2972396142878948,0.12261355488355867,-2.4241986505502733,-0.30804285657759733,0.11132412107093968,-2.7670809669478684,0.4474850188578635,0.16136391788864268,2.773141757543797,0.5524262262988575,0.1955127927501222,2.8255247062267346,-0.21025388997897443,0.10870204708419114,-1.9342219913865106,-0.12465272001606192,0.13357215294803698,-0.9332238589023496,0.5109302335060159,0.1872635560492548,2.728401853971143,0.21138294687664833,0.1355162759160635,1.559834384820133,-0.25247924988935694,0.10515466576698092,-2.4010275535356858,0.16158479708704002,0.15865060291618432,1.0184946928465557,-0.2944901315390727,0.14289216811586775,-2.0609256295997826,-0.2904444058230902,0.12397060354936436,-2.3428490102287594,1.3992383701941475,0.31203426557351094,0.13795434743753038,-0.5155037353364549
9.61,-0.11428917902431664,-0.2725997025855212,0.09482412774602249,-2.874792619402246,0.0073669250155246665,0.14050176548861643,0.05243297114385044,-0.19954495913638828,0.14739332045885464,-1.3538263370088874,-0.22342703860042684,0.1077834836844561,-2.072924635230065,-0.0034497872274045407,0.11343772337279452,-0.030411287575539393,-0.25667156444263406,0.09467143112114362,-2.711182892272871,-0.2544099536655922,0.1358504683629133,-1.872720475176847,-0.030690768727185035,0.11866653674680794,-0.2586303567000374,-0.09054680720554822,0.15335762029219543,-0.5904291357222909,0.48187741153063995,0.1748906973870154,2.7553061353760517,-0.2832193045028454,0.11928745336059215,-2.374258956193039,-0.015359438359467991,0.18476947563936982,-0.08312757454292019,0.5533275946532004,0.18226281314370302,3.035877616005716,0.0028837577009724427,0.14737388792545825,0.019567629934761903,-0.27971615565316377,0.10109885938679378,-2.7667587680984482,1.4107571045866671,0.25181324430166807,0.13441131094111577,-0.7417252456975209
9.71,-0.10643834780137988,0.5193764694183458,0.20700462300064218,2.5090090351109433,-0.2734455014501187,0.1358504683629133,-2.0128418013225513,-0.19895763522960586,0.11712279189773842,-1.6987098070827975,-0.2619763365637549,0.0945640118898932,-2.770359794683736,-0.13300251642788252,0.15335762029219543,-0.8672703460999857,-0.22709304590416787,0.10497615169867648,-2.163282252487362,-0.19100508826996476,0.1271946174351982,-1.5016758737237923,0.0014699097919337746,0.11367187452071498,0.012931165234421341,0.5042385400526904,0.1787222878903002,2.8213523114822268,-0.28933459139760725,0.13957068341000964,-2.0730327052110495,0.3862771096630631,0.1580362215885233,2.4442314918715753,-0.22328951332257604,0.14739332045885464,-1.5149228786450204,-0.2915701995229767,0.09059799613303723,-3.218285303957771,-0.1323189498198976,0.10953568491372473,-1.207998561602258,0.22036747949513713,0.138110684931775,1.5955860301756957,1.407468411558102,0.28558492397304286,0.13438060256161313,-0.6430179527294306
9.81,-0.11076482896501809,0.4668638994097895,0.17298159095703972,2.698922450804236,-0.2595695328315355,0.11469042651797771,-2.2632188292616386,-0.25379832748961323,0.11962808867379096,-2.121561334827356,-0.08491151110276346,0.13142731754954756,-0.6460720091220926,-0.2213252400373406,0.08411664705526081,-2.6311704969878313,-0.20226969792273974,0.11321449323212104,-1.7866060444048526,-0.23640017564501314,0.11168690783292737,-2.1166328286091023,-0.08191612969775713,0.11997520701749279,-0.6827754811526475,0.14107983243593109,0.1829298520013321,0.7712236734051681,0.0692946472038053,0.1099422724625118,0.6302821076163716,-0.18354800298621424,0.11277870868814728,-1.627505804253854,0.513090270092597,0.19310828416602205,2.657008073519389,-0.28836632477874385,0.11272270967419667,-2.558191917247299,-0.12981457962825438,0.09098629281573545,-1.4267487509481631,-0.12684625575290315,0.14981380214852688,-0.8466927207891468,1.4032389097298776,0.24437201570298303,0.12800017338617536,-0.7966493274839211
9.91,-0.11846549869987859,0.36322971561742123,0.19353505018468506,1.8768161905081344,-0.2554163182551867,0.1506178629182606,-1.695790348544512,0.5412616371004297,0.192045659783169,2.818400778812426,-0.06531658919637978,0.1778624238183314,-0.3672309630902934,-0.32443356299707576,0.13731809819758972,-2.3626424138953768,-0.3103229789201859,0.0961024852342506,-3.229083807393441,0.009740798946783384,0.12742340380200842,0.0764443473972703,-0.3268647692292637,0.09192703922670248,-3.555697779226613,-0.28651151474506964,0.13822390365572396,-2.0728072870716163,-0.29312167545872064,0.0947628431408247,-3.093213180857394,0.44407578846615287,0.174121054813909,2.5503853565598753,0.03941268117585814,0.13743669394535743,0.2867697122540504,-0.055575828484727474,0.08938467495782798,-0.6217601452480345,-0.26693816909441376,0.08572515055011598,-3.11388393466114,0.5754159939565984,0.17260552144878455,3.3337056029655203,1.398187568627179,0.32374191405915664,0.1372727910451694,-0.6113058580994095
